date,volume,high,low,adj_close,close,open
2015-08-31,3915100000,1986.73,1965.98,1972.18,1972.18,1986.73
2015-09-01,4371850000,1970.09,1903.07,1913.85,1913.85,1970.09
2015-09-02,3742620000,1948.91,1916.52,1948.86,1948.86,1916.52
2015-09-03,3520700000,1975.01,1944.72,1951.13,1951.13,1950.79
2015-09-04,3167090000,1947.76,1911.21,1921.22,1921.22,1947.76
2015-09-08,3548650000,1970.42,1927.3,1969.41,1969.41,1927.3
2015-09-09,3652120000,1988.63,1937.88,1942.04,1942.04,1971.45
2015-09-10,3626320000,1965.29,1937.19,1952.29,1952.29,1941.59
2015-09-11,3218590000,1961.05,1939.19,1961.05,1961.05,1951.45
2015-09-14,3000200000,1963.06,1948.27,1953.03,1953.03,1963.06
2015-09-15,3239860000,1983.19,1954.3,1978.09,1978.09,1955.1
2015-09-16,3630680000,1997.26,1977.93,1995.31,1995.31,1978.02
2015-09-17,4183790000,2020.86,1986.73,1990.2,1990.2,1995.33
2015-09-18,6021240000,1989.66,1953.45,1958.03,1958.03,1989.66
2015-09-21,3269350000,1979.64,1955.8,1966.97,1966.97,1960.84
2015-09-22,3808260000,1961.39,1929.22,1942.74,1942.74,1961.39
2015-09-23,3190530000,1949.52,1932.57,1938.76,1938.76,1943.24
2015-09-24,4091530000,1937.17,1908.92,1932.24,1932.24,1934.81
2015-09-25,3721870000,1952.89,1921.5,1931.34,1931.34,1935.93
2015-09-28,4326660000,1929.18,1879.21,1881.77,1881.77,1929.18
2015-09-29,4132390000,1899.48,1871.91,1884.09,1884.09,1881.9
2015-09-30,4525070000,1920.53,1887.14,1920.03,1920.03,1887.14
2015-10-01,3983600000,1927.21,1900.7,1923.82,1923.82,1919.65
2015-10-02,4378570000,1951.36,1893.7,1951.36,1951.36,1921.77
2015-10-05,4334490000,1989.17,1954.33,1987.05,1987.05,1954.33
2015-10-06,4202400000,1991.62,1971.99,1979.92,1979.92,1986.63
2015-10-07,4666470000,1999.31,1976.44,1995.83,1995.83,1982.34
2015-10-08,3939140000,2016.5,1987.53,2013.43,2013.43,1994.01
2015-10-09,3706900000,2020.13,2007.61,2014.89,2014.89,2013.73
2015-10-12,2893250000,2018.66,2010.55,2017.46,2017.46,2015.65
2015-10-13,3401920000,2022.34,2001.78,2003.69,2003.69,2015.0
2015-10-14,3644590000,2009.56,1990.73,1994.24,1994.24,2003.66
2015-10-15,3746290000,2024.15,1996.47,2023.86,2023.86,1996.47
2015-10-16,3595430000,2033.54,2020.46,2033.11,2033.11,2024.37
2015-10-19,3287320000,2034.45,2022.31,2033.66,2033.66,2031.73
2015-10-20,3331500000,2039.12,2026.61,2030.77,2030.77,2033.13
2015-10-21,3627790000,2037.97,2017.22,2018.94,2018.94,2033.47
2015-10-22,4430850000,2055.2,2021.88,2052.51,2052.51,2021.88
2015-10-23,4108460000,2079.74,2058.19,2075.15,2075.15,2058.19
2015-10-26,3385800000,2075.14,2066.53,2071.18,2071.18,2075.08
2015-10-27,4216880000,2070.37,2058.84,2065.89,2065.89,2068.75
2015-10-28,4698110000,2090.35,2063.11,2090.35,2090.35,2066.48
2015-10-29,4008940000,2092.52,2082.63,2089.41,2089.41,2088.35
2015-10-30,4256200000,2094.32,2079.34,2079.36,2079.36,2090.0
2015-11-02,3760020000,2106.2,2080.76,2104.05,2104.05,2080.76
2015-11-03,4272060000,2116.48,2097.51,2109.79,2109.79,2102.63
2015-11-04,4078870000,2114.59,2096.98,2102.31,2102.31,2110.6
2015-11-05,4051890000,2108.78,2090.41,2099.93,2099.93,2101.68
2015-11-06,4369020000,2101.91,2083.74,2099.2,2099.2,2098.6
2015-11-09,3882350000,2096.56,2068.24,2078.58,2078.58,2096.56
2015-11-10,3821440000,2083.67,2069.91,2081.72,2081.72,2077.19
2015-11-11,3692410000,2086.94,2074.85,2075.0,2075.0,2083.41
2015-11-12,4016370000,2072.29,2045.66,2045.97,2045.97,2072.29
2015-11-13,4278750000,2044.64,2022.02,2023.04,2023.04,2044.64
2015-11-16,3741240000,2053.22,2019.39,2053.19,2053.19,2022.08
2015-11-17,4427350000,2066.69,2045.9,2050.44,2050.44,2053.67
2015-11-18,3926390000,2085.31,2051.99,2083.58,2083.58,2051.99
2015-11-19,3628110000,2086.74,2078.76,2081.24,2081.24,2083.7
2015-11-20,3929600000,2097.06,2082.82,2089.17,2089.17,2082.82
2015-11-23,3587980000,2095.61,2081.39,2086.59,2086.59,2089.41
2015-11-24,3884930000,2094.12,2070.29,2089.14,2089.14,2084.42
2015-11-25,2852940000,2093.0,2086.3,2088.87,2088.87,2089.3
2015-11-27,1466840000,2093.29,2084.13,2090.11,2090.11,2088.82
2015-11-30,4275030000,2093.81,2080.41,2080.41,2080.41,2090.95
2015-12-01,3712120000,2103.37,2082.93,2102.63,2102.63,2082.93
2015-12-02,3950640000,2104.27,2077.11,2079.51,2079.51,2101.71
2015-12-03,4306490000,2085.0,2042.35,2049.62,2049.62,2080.71
2015-12-04,4214910000,2093.84,2051.24,2091.69,2091.69,2051.24
2015-12-07,4043820000,2090.42,2066.78,2077.07,2077.07,2090.42
2015-12-08,4173570000,2073.85,2052.32,2063.59,2063.59,2073.39
2015-12-09,4385250000,2080.33,2036.53,2047.62,2047.62,2061.17
2015-12-10,3715150000,2067.65,2045.67,2052.23,2052.23,2047.93
2015-12-11,4301060000,2047.27,2008.8,2012.37,2012.37,2047.27
2015-12-14,4612440000,2022.92,1993.26,2021.94,2021.94,2013.37
2015-12-15,4353540000,2053.87,2025.55,2043.41,2043.41,2025.55
2015-12-16,4635450000,2076.72,2042.43,2073.07,2073.07,2046.5
2015-12-17,4327390000,2076.37,2041.66,2041.89,2041.89,2073.76
2015-12-18,6683070000,2040.81,2005.33,2005.55,2005.55,2040.81
2015-12-21,3760280000,2022.9,2005.93,2021.15,2021.15,2010.27
2015-12-22,3520860000,2042.74,2020.49,2038.97,2038.97,2023.15
2015-12-23,3484090000,2064.73,2042.2,2064.29,2064.29,2042.2
2015-12-24,1411860000,2067.36,2058.73,2060.99,2060.99,2063.52
2015-12-28,2492510000,2057.77,2044.2,2056.5,2056.5,2057.77
2015-12-29,2542000000,2081.56,2060.54,2078.36,2078.36,2060.54
2015-12-30,2367430000,2077.34,2061.97,2063.36,2063.36,2077.34
2015-12-31,2655330000,2062.54,2043.62,2043.94,2043.94,2060.59
2016-01-04,4304880000,2038.2,1989.68,2012.66,2012.66,2038.2
2016-01-05,3706620000,2021.94,2004.17,2016.71,2016.71,2013.78
2016-01-06,4336660000,2011.71,1979.05,1990.26,1990.26,2011.71
2016-01-07,5076590000,1985.32,1938.83,1943.09,1943.09,1985.32
2016-01-08,4664940000,1960.4,1918.46,1922.03,1922.03,1945.97
2016-01-11,4607290000,1935.65,1901.1,1923.67,1923.67,1926.12
2016-01-12,4887260000,1947.38,1914.35,1938.68,1938.68,1927.83
2016-01-13,5087030000,1950.33,1886.41,1890.28,1890.28,1940.34
2016-01-14,5241110000,1934.47,1878.93,1921.84,1921.84,1891.68
2016-01-15,5468460000,1916.68,1857.83,1880.33,1880.33,1916.68
2016-01-19,4928350000,1901.44,1864.6,1881.33,1881.33,1888.66
2016-01-20,6416070000,1876.18,1812.29,1859.33,1859.33,1876.18
2016-01-21,5078810000,1889.85,1848.98,1868.99,1868.99,1861.46
2016-01-22,4901760000,1908.85,1877.4,1906.9,1906.9,1877.4
2016-01-25,4401380000,1906.28,1875.97,1877.08,1877.08,1906.28
2016-01-26,4357940000,1906.73,1878.79,1903.63,1903.63,1878.79
2016-01-27,4754040000,1916.99,1872.7,1882.95,1882.95,1902.52
2016-01-28,4693010000,1902.96,1873.65,1893.36,1893.36,1885.22
2016-01-29,5497570000,1940.24,1894.0,1940.24,1940.24,1894.0
2016-02-01,4322530000,1947.2,1920.3,1939.38,1939.38,1936.94
2016-02-02,4463190000,1935.26,1897.29,1903.03,1903.03,1935.26
2016-02-03,5172950000,1918.01,1872.23,1912.53,1912.53,1907.07
2016-02-04,5193320000,1927.35,1900.52,1915.45,1915.45,1911.67
2016-02-05,4929940000,1913.07,1872.65,1880.05,1880.05,1913.07
2016-02-08,5636460000,1873.25,1828.46,1853.44,1853.44,1873.25
2016-02-09,5183220000,1868.25,1834.94,1852.21,1852.21,1848.46
2016-02-10,4471170000,1881.6,1850.32,1851.86,1851.86,1857.1
2016-02-11,5500800000,1847.0,1810.1,1829.08,1829.08,1847.0
2016-02-12,4696920000,1864.78,1833.4,1864.78,1864.78,1833.4
2016-02-16,4570670000,1895.77,1871.44,1895.58,1895.58,1871.44
2016-02-17,5011540000,1930.68,1898.8,1926.82,1926.82,1898.8
2016-02-18,4436490000,1930.0,1915.09,1917.83,1917.83,1927.57
2016-02-19,4142850000,1918.78,1902.17,1917.78,1917.78,1916.74
2016-02-22,4054710000,1946.7,1924.44,1945.5,1945.5,1924.44
2016-02-23,3890650000,1942.38,1919.44,1921.27,1921.27,1942.38
2016-02-24,4317250000,1932.08,1891.0,1929.8,1929.8,1917.56
2016-02-25,4118210000,1951.83,1925.41,1951.7,1951.7,1931.87
2016-02-26,4348510000,1962.96,1945.78,1948.05,1948.05,1954.95
2016-02-29,4588180000,1958.27,1931.81,1932.23,1932.23,1947.13
2016-03-01,4819750000,1978.35,1937.09,1978.35,1978.35,1937.09
2016-03-02,4666610000,1986.51,1968.8,1986.45,1986.45,1976.6
2016-03-03,5081700000,1993.69,1977.37,1993.4,1993.4,1985.6
2016-03-04,6049930000,2009.13,1986.77,1999.99,1999.99,1994.01
2016-03-07,4968180000,2006.12,1989.38,2001.76,2001.76,1996.11
2016-03-08,4641650000,1996.88,1977.43,1979.26,1979.26,1996.88
2016-03-09,4038120000,1992.69,1979.84,1989.26,1989.26,1981.44
2016-03-10,4376790000,2005.08,1969.25,1989.57,1989.57,1990.97
2016-03-11,4078620000,2022.37,1994.71,2022.19,2022.19,1994.71
2016-03-14,3487850000,2024.57,2012.05,2019.64,2019.64,2019.27
2016-03-15,3560280000,2015.94,2005.23,2015.93,2015.93,2015.27
2016-03-16,4057020000,2032.02,2010.04,2027.22,2027.22,2014.24
2016-03-17,4530480000,2046.24,2022.16,2040.59,2040.59,2026.9
2016-03-18,6503140000,2052.36,2041.16,2049.58,2049.58,2041.16
2016-03-21,3376600000,2053.91,2043.14,2051.6,2051.6,2047.88
2016-03-22,3418460000,2056.6,2040.57,2049.8,2049.8,2048.64
2016-03-23,3639510000,2048.55,2034.86,2036.71,2036.71,2048.55
2016-03-24,3407720000,2036.04,2022.49,2035.94,2035.94,2032.48
2016-03-28,2809090000,2042.67,2031.96,2037.05,2037.05,2037.89
2016-03-29,3822330000,2055.91,2028.31,2055.01,2055.01,2035.75
2016-03-30,3590310000,2072.21,2058.27,2063.95,2063.95,2058.27
2016-03-31,3715280000,2067.92,2057.46,2059.74,2059.74,2063.77
2016-04-01,3749990000,2075.07,2043.98,2072.78,2072.78,2056.62
2016-04-04,3485710000,2074.02,2062.57,2066.13,2066.13,2073.19
2016-04-05,4154920000,2062.5,2042.56,2045.17,2045.17,2062.5
2016-04-06,3750800000,2067.33,2043.09,2066.66,2066.66,2045.56
2016-04-07,3801250000,2063.01,2033.8,2041.91,2041.91,2063.01
2016-04-08,3359530000,2060.63,2041.69,2047.6,2047.6,2045.54
2016-04-11,3567840000,2062.93,2041.88,2041.99,2041.99,2050.23
2016-04-12,4239740000,2065.05,2039.74,2061.72,2061.72,2043.72
2016-04-13,4191830000,2083.18,2065.92,2082.42,2082.42,2065.92
2016-04-14,3765870000,2087.84,2078.13,2082.78,2082.78,2082.89
2016-04-15,3701450000,2083.22,2076.31,2080.73,2080.73,2083.1
2016-04-18,3316880000,2094.66,2073.65,2094.34,2094.34,2078.83
2016-04-19,3896830000,2104.05,2091.68,2100.8,2100.8,2096.05
2016-04-20,4184880000,2111.05,2096.32,2102.4,2102.4,2101.52
2016-04-21,4175290000,2103.78,2088.52,2091.48,2091.48,2102.09
2016-04-22,3790580000,2094.32,2081.2,2091.58,2091.58,2091.49
2016-04-25,3319740000,2089.37,2077.52,2087.79,2087.79,2089.37
2016-04-26,3557190000,2096.87,2085.8,2091.7,2091.7,2089.84
2016-04-27,4100110000,2099.89,2082.31,2095.15,2095.15,2092.33
2016-04-28,4309840000,2099.3,2071.62,2075.81,2075.81,2090.93
2016-04-29,4704720000,2073.85,2052.28,2065.3,2065.3,2071.82
2016-05-02,3841110000,2083.42,2066.11,2081.43,2081.43,2067.17
2016-05-03,4173390000,2077.18,2054.89,2063.37,2063.37,2077.18
2016-05-04,4058560000,2060.3,2045.55,2051.12,2051.12,2060.3
2016-05-05,4008530000,2060.23,2045.77,2050.63,2050.63,2052.95
2016-05-06,3796350000,2057.72,2039.45,2057.14,2057.14,2047.77
2016-05-09,3788620000,2064.15,2054.31,2058.69,2058.69,2057.55
2016-05-10,3600200000,2084.87,2062.63,2084.39,2084.39,2062.63
2016-05-11,3821980000,2083.29,2064.46,2064.46,2064.46,2083.29
2016-05-12,3782390000,2073.99,2053.13,2064.11,2064.11,2067.17
2016-05-13,3579880000,2066.79,2043.13,2046.61,2046.61,2062.5
2016-05-16,3501360000,2071.88,2046.53,2066.66,2066.66,2046.53
2016-05-17,4108960000,2065.69,2040.82,2047.21,2047.21,2065.04
2016-05-18,4101320000,2060.61,2034.49,2047.63,2047.63,2044.38
2016-05-19,3846770000,2044.21,2025.91,2040.04,2040.04,2044.21
2016-05-20,3507650000,2058.35,2041.88,2052.32,2052.32,2041.88
2016-05-23,3055480000,2055.58,2047.26,2048.04,2048.04,2052.23
2016-05-24,3627340000,2079.67,2052.65,2076.06,2076.06,2052.65
2016-05-25,3859160000,2094.73,2078.93,2090.54,2090.54,2078.93
2016-05-26,3230990000,2094.3,2087.08,2090.1,2090.1,2091.44
2016-05-27,3079150000,2099.06,2090.06,2099.06,2099.06,2090.06
2016-05-31,4514410000,2103.48,2088.66,2096.95,2096.95,2100.13
2016-06-01,3525170000,2100.97,2085.1,2099.33,2099.33,2093.94
2016-06-02,3632720000,2105.26,2088.59,2105.26,2105.26,2097.71
2016-06-03,3627780000,2104.07,2085.36,2099.13,2099.13,2104.07
2016-06-06,3442020000,2113.36,2100.83,2109.41,2109.41,2100.83
2016-06-07,3534730000,2119.22,2110.18,2112.13,2112.13,2110.18
2016-06-08,3562060000,2120.55,2112.71,2119.12,2119.12,2112.71
2016-06-09,3290320000,2117.64,2107.73,2115.48,2115.48,2115.65
2016-06-10,3515010000,2109.57,2089.96,2096.07,2096.07,2109.57
2016-06-13,3392030000,2098.12,2078.46,2079.06,2079.06,2091.75
2016-06-14,3759770000,2081.3,2064.1,2075.32,2075.32,2076.65
2016-06-15,3544720000,2085.65,2069.8,2071.5,2071.5,2077.6
2016-06-16,3628280000,2079.62,2050.37,2077.99,2077.99,2066.36
2016-06-17,4952630000,2078.2,2062.84,2071.22,2071.22,2078.2
2016-06-20,3467440000,2100.66,2075.58,2083.25,2083.25,2075.58
2016-06-21,3232880000,2093.66,2083.02,2088.9,2088.9,2085.19
2016-06-22,3168160000,2099.71,2084.36,2085.45,2085.45,2089.75
2016-06-23,3297940000,2113.32,2092.8,2113.32,2113.32,2092.8
2016-06-24,7597450000,2103.81,2032.57,2037.41,2037.41,2103.81
2016-06-27,5431220000,2031.45,1991.68,2000.54,2000.54,2031.45
2016-06-28,4385810000,2036.09,2006.67,2036.09,2036.09,2006.67
2016-06-29,4241740000,2073.13,2042.69,2070.77,2070.77,2042.69
2016-06-30,4622820000,2098.94,2070.0,2098.86,2098.86,2073.17
2016-07-01,3458890000,2108.71,2097.9,2102.95,2102.95,2099.34
2016-07-05,3658380000,2095.05,2080.86,2088.55,2088.55,2095.05
2016-07-06,3909380000,2100.72,2074.02,2099.73,2099.73,2084.43
2016-07-07,3604550000,2109.08,2089.39,2097.9,2097.9,2100.42
2016-07-08,3607500000,2131.71,2106.97,2129.9,2129.9,2106.97
2016-07-11,3253340000,2143.16,2131.72,2137.16,2137.16,2131.72
2016-07-12,4097820000,2155.4,2139.5,2152.14,2152.14,2139.5
2016-07-13,3502320000,2156.45,2146.21,2152.43,2152.43,2153.81
2016-07-14,3465610000,2168.99,2157.88,2163.75,2163.75,2157.88
2016-07-15,3122600000,2169.05,2155.79,2161.74,2161.74,2165.13
2016-07-18,3009310000,2168.35,2159.63,2166.89,2166.89,2162.04
2016-07-19,2968340000,2164.63,2159.01,2163.78,2163.78,2163.79
2016-07-20,3211860000,2175.63,2164.89,2173.02,2173.02,2166.1
2016-07-21,3438900000,2174.56,2159.75,2165.17,2165.17,2172.91
2016-07-22,3023280000,2175.11,2163.24,2175.03,2175.03,2166.47
2016-07-25,3057240000,2173.71,2161.95,2168.48,2168.48,2173.71
2016-07-26,3442350000,2173.54,2160.18,2169.18,2169.18,2168.97
2016-07-27,3995500000,2174.98,2159.07,2166.58,2166.58,2169.81
2016-07-28,3664240000,2172.85,2159.74,2170.06,2170.06,2166.05
2016-07-29,4038840000,2177.09,2163.49,2173.6,2173.6,2168.83
2016-08-01,3505990000,2178.29,2166.21,2170.84,2170.84,2173.15
2016-08-02,3848750000,2170.2,2147.58,2157.03,2157.03,2169.94
2016-08-03,3786530000,2163.79,2152.56,2163.79,2163.79,2156.81
2016-08-04,3709200000,2168.19,2159.07,2164.25,2164.25,2163.51
2016-08-05,3663070000,2182.87,2168.79,2182.87,2182.87,2168.79
2016-08-08,3327550000,2185.44,2177.85,2180.89,2180.89,2183.76
2016-08-09,3334300000,2187.66,2178.61,2181.74,2181.74,2182.24
2016-08-10,3254950000,2183.41,2172.0,2175.49,2175.49,2182.81
2016-08-11,3423160000,2188.45,2177.97,2185.79,2185.79,2177.97
2016-08-12,3000660000,2186.28,2179.42,2184.05,2184.05,2183.74
2016-08-15,3078530000,2193.81,2186.08,2190.15,2190.15,2186.08
2016-08-16,3196400000,2186.24,2178.14,2178.15,2178.15,2186.24
2016-08-17,3388910000,2183.08,2168.5,2182.22,2182.22,2177.84
2016-08-18,3300570000,2187.03,2180.46,2187.02,2187.02,2181.9
2016-08-19,3084800000,2185.0,2175.13,2183.87,2183.87,2184.24
2016-08-22,2777550000,2185.15,2175.96,2182.64,2182.64,2181.58
2016-08-23,3041490000,2193.42,2186.8,2186.9,2186.9,2187.81
2016-08-24,3148280000,2186.66,2171.25,2175.44,2175.44,2185.09
2016-08-25,2969310000,2179.0,2169.74,2172.47,2172.47,2173.29
2016-08-26,3342340000,2187.94,2160.39,2169.04,2169.04,2175.1
2016-08-29,2654780000,2183.48,2170.19,2180.38,2180.38,2170.19
2016-08-30,3006800000,2182.27,2170.41,2176.12,2176.12,2179.45
2016-08-31,3766390000,2173.79,2161.35,2170.95,2170.95,2173.56
2016-09-01,3392120000,2173.56,2157.09,2170.86,2170.86,2171.33
2016-09-02,3091120000,2184.87,2173.59,2179.98,2179.98,2177.49
2016-09-06,3447650000,2186.57,2175.1,2186.48,2186.48,2181.61
2016-09-07,3319420000,2187.87,2179.07,2186.16,2186.16,2185.17
2016-09-08,3727840000,2184.94,2177.49,2181.3,2181.3,2182.76
2016-09-09,4233960000,2169.08,2127.81,2127.81,2127.81,2169.08
2016-09-12,4010480000,2163.3,2119.12,2159.04,2159.04,2120.86
2016-09-13,4141670000,2150.47,2120.27,2127.02,2127.02,2150.47
2016-09-14,3664100000,2141.33,2119.9,2125.77,2125.77,2127.86
2016-09-15,3373720000,2151.31,2122.36,2147.26,2147.26,2125.36
2016-09-16,5014360000,2146.48,2131.2,2139.16,2139.16,2146.48
2016-09-19,3163000000,2153.61,2135.91,2139.12,2139.12,2143.99
2016-09-20,3140730000,2150.8,2139.17,2139.76,2139.76,2145.94
2016-09-21,3712090000,2165.11,2139.57,2163.12,2163.12,2144.58
2016-09-22,3552830000,2179.99,2170.94,2177.18,2177.18,2170.94
2016-09-23,3317190000,2173.75,2163.97,2164.69,2164.69,2173.29
2016-09-26,3216170000,2158.54,2145.04,2146.1,2146.1,2158.54
2016-09-27,3437770000,2161.13,2141.55,2159.93,2159.93,2146.04
2016-09-28,3891460000,2172.4,2151.79,2171.37,2171.37,2161.85
2016-09-29,4249220000,2172.67,2145.2,2151.13,2151.13,2168.9
2016-09-30,4173340000,2175.3,2156.51,2168.27,2168.27,2156.51
2016-10-03,3137550000,2164.41,2154.77,2161.2,2161.2,2164.33
2016-10-04,3750890000,2165.46,2144.01,2150.49,2150.49,2163.37
2016-10-05,3906550000,2163.95,2155.15,2159.73,2159.73,2155.15
2016-10-06,3461550000,2162.93,2150.28,2160.77,2160.77,2158.22
2016-10-07,3619890000,2165.86,2144.85,2153.74,2153.74,2164.19
2016-10-10,2916550000,2169.6,2160.39,2163.66,2163.66,2160.39
2016-10-11,3438270000,2161.56,2128.84,2136.73,2136.73,2161.35
2016-10-12,2977100000,2145.36,2132.77,2139.18,2139.18,2137.67
2016-10-13,3580450000,2138.19,2114.72,2132.55,2132.55,2130.26
2016-10-14,3228150000,2149.19,2132.98,2132.98,2132.98,2139.68
2016-10-17,2830390000,2135.61,2124.43,2126.5,2126.5,2132.95
2016-10-18,3170000000,2144.38,2135.49,2139.6,2139.6,2138.31
2016-10-19,3362670000,2148.44,2138.15,2144.29,2144.29,2140.81
2016-10-20,3337170000,2147.18,2133.44,2141.34,2141.34,2142.51
2016-10-21,3448850000,2142.63,2130.09,2141.16,2141.16,2139.43
2016-10-24,3357320000,2154.79,2146.91,2151.33,2151.33,2148.5
2016-10-25,3751340000,2151.44,2141.93,2143.16,2143.16,2149.72
2016-10-26,3775200000,2145.73,2131.59,2139.43,2139.43,2136.97
2016-10-27,4204830000,2147.13,2132.52,2133.04,2133.04,2144.06
2016-10-28,4019510000,2140.72,2119.36,2126.41,2126.41,2132.23
2016-10-31,3922400000,2133.25,2125.53,2126.15,2126.15,2129.78
2016-11-01,4532160000,2131.45,2097.85,2111.72,2111.72,2128.68
2016-11-02,4248580000,2111.76,2094.0,2097.94,2097.94,2109.43
2016-11-03,3886740000,2102.56,2085.23,2088.66,2088.66,2098.8
2016-11-04,3837860000,2099.07,2083.79,2085.18,2085.18,2083.79
2016-11-07,3736060000,2132.0,2100.59,2131.52,2131.52,2100.59
2016-11-08,3916930000,2146.87,2123.56,2139.56,2139.56,2129.92
2016-11-09,6264150000,2170.1,2125.35,2163.26,2163.26,2131.56
2016-11-10,6451640000,2182.3,2151.17,2167.48,2167.48,2167.49
2016-11-11,4988050000,2165.92,2152.49,2164.45,2164.45,2162.71
2016-11-14,5367200000,2171.36,2156.08,2164.2,2164.2,2165.64
2016-11-15,4543860000,2180.84,2166.38,2180.39,2180.39,2168.29
2016-11-16,3830590000,2179.22,2172.2,2176.94,2176.94,2177.53
2016-11-17,3809160000,2188.06,2176.65,2187.12,2187.12,2178.61
2016-11-18,3572400000,2189.89,2180.38,2181.9,2181.9,2186.85
2016-11-21,3607010000,2198.7,2186.43,2198.18,2198.18,2186.43
2016-11-22,3957940000,2204.8,2194.51,2202.94,2202.94,2201.56
2016-11-23,3418640000,2204.72,2194.51,2204.72,2204.72,2198.55
2016-11-25,1584600000,2213.35,2206.27,2213.35,2213.35,2206.27
2016-11-28,3505650000,2211.14,2200.36,2201.72,2201.72,2210.21
2016-11-29,3706560000,2210.46,2198.15,2204.66,2204.66,2200.76
2016-11-30,5533980000,2214.1,2198.81,2198.81,2198.81,2204.97
2016-12-01,5063740000,2202.6,2187.44,2191.08,2191.08,2200.17
2016-12-02,3779500000,2197.95,2188.37,2191.95,2191.95,2191.12
2016-12-05,3895230000,2209.42,2199.97,2204.71,2204.71,2200.65
2016-12-06,3855320000,2212.78,2202.21,2212.23,2212.23,2207.26
2016-12-07,4501820000,2241.63,2208.93,2241.35,2241.35,2210.72
2016-12-08,4200580000,2251.69,2237.57,2246.19,2246.19,2241.13
2016-12-09,3884480000,2259.8,2249.23,2259.53,2259.53,2249.73
2016-12-12,4034510000,2264.03,2252.37,2256.96,2256.96,2258.83
2016-12-13,3857590000,2277.53,2263.32,2271.72,2271.72,2263.32
2016-12-14,4406970000,2276.2,2248.44,2253.28,2253.28,2268.35
2016-12-15,4168200000,2272.12,2253.77,2262.03,2262.03,2253.77
2016-12-16,5920340000,2268.05,2254.24,2258.07,2258.07,2266.81
2016-12-19,3248370000,2267.47,2258.21,2262.53,2262.53,2259.24
2016-12-20,3298780000,2272.56,2266.14,2270.76,2270.76,2266.5
2016-12-21,2852230000,2271.23,2265.15,2265.18,2265.18,2270.54
2016-12-22,2876320000,2263.18,2256.08,2260.96,2260.96,2262.93
2016-12-23,2020550000,2263.79,2258.84,2263.79,2263.79,2260.25
2016-12-27,1987080000,2273.82,2266.15,2268.88,2268.88,2266.23
2016-12-28,2392360000,2271.31,2249.11,2249.92,2249.92,2270.23
2016-12-29,2336370000,2254.51,2244.56,2249.26,2249.26,2249.5
2016-12-30,2670900000,2253.58,2233.62,2238.83,2238.83,2251.61
2017-01-03,3770530000,2263.88,2245.13,2257.83,2257.83,2251.57
2017-01-04,3764890000,2272.82,2261.6,2270.75,2270.75,2261.6
2017-01-05,3761820000,2271.5,2260.45,2269.0,2269.0,2268.18
2017-01-06,3339890000,2282.1,2264.06,2276.98,2276.98,2271.14
2017-01-09,3217610000,2275.49,2268.9,2268.9,2268.9,2273.59
2017-01-10,3638790000,2279.27,2265.27,2268.9,2268.9,2269.72
2017-01-11,3620410000,2275.32,2260.83,2275.32,2275.32,2268.6
2017-01-12,3462130000,2271.78,2254.25,2270.44,2270.44,2271.14
2017-01-13,3081270000,2278.68,2271.51,2274.64,2274.64,2272.74
2017-01-17,3584990000,2272.08,2262.81,2267.89,2267.89,2269.14
2017-01-18,3315250000,2272.01,2263.35,2271.89,2271.89,2269.14
2017-01-19,3165970000,2274.33,2258.41,2263.69,2263.69,2271.9
2017-01-20,3524970000,2276.96,2265.01,2271.31,2271.31,2269.96
2017-01-23,3152710000,2271.78,2257.02,2265.2,2265.2,2267.78
2017-01-24,3810960000,2284.63,2266.68,2280.07,2280.07,2267.88
2017-01-25,3846020000,2299.55,2288.88,2298.37,2298.37,2288.88
2017-01-26,3610360000,2300.99,2294.08,2296.68,2296.68,2298.63
2017-01-27,3135890000,2299.02,2291.62,2294.69,2294.69,2299.02
2017-01-30,3591270000,2286.01,2268.04,2280.9,2280.9,2286.01
2017-01-31,4087450000,2279.09,2267.21,2278.87,2278.87,2274.02
2017-02-01,3916610000,2289.14,2272.44,2279.55,2279.55,2285.59
2017-02-02,3807710000,2283.97,2271.65,2280.85,2280.85,2276.69
2017-02-03,3597970000,2298.31,2287.88,2297.42,2297.42,2288.54
2017-02-06,3109050000,2296.18,2288.57,2292.56,2292.56,2294.28
2017-02-07,3448690000,2299.4,2290.16,2293.08,2293.08,2295.87
2017-02-08,3609740000,2295.91,2285.38,2294.67,2294.67,2289.55
2017-02-09,3677940000,2311.08,2296.61,2307.87,2307.87,2296.7
2017-02-10,3475020000,2319.23,2311.1,2316.1,2316.1,2312.27
2017-02-13,3349730000,2331.58,2321.42,2328.25,2328.25,2321.72
2017-02-14,3520910000,2337.58,2322.17,2337.58,2337.58,2326.12
2017-02-15,3775590000,2351.3,2334.81,2349.25,2349.25,2335.58
2017-02-16,3672370000,2351.31,2338.87,2347.22,2347.22,2349.64
2017-02-17,3513060000,2351.16,2339.58,2351.16,2351.16,2343.01
2017-02-21,3579780000,2366.71,2354.91,2365.38,2365.38,2354.91
2017-02-22,3468670000,2365.13,2358.34,2362.82,2362.82,2361.11
2017-02-23,4015260000,2368.26,2355.09,2363.81,2363.81,2367.5
2017-02-24,3831570000,2367.34,2352.87,2367.34,2367.34,2355.73
2017-02-27,3582610000,2371.54,2361.87,2369.75,2369.75,2365.23
2017-02-28,4210140000,2367.79,2358.96,2363.64,2363.64,2366.08
2017-03-01,4345180000,2400.98,2380.13,2395.96,2395.96,2380.13
2017-03-02,3821320000,2394.75,2380.17,2381.92,2381.92,2394.75
2017-03-03,3555260000,2383.89,2375.39,2383.12,2383.12,2380.92
2017-03-06,3232700000,2378.8,2367.98,2375.31,2375.31,2375.23
2017-03-07,3518390000,2375.12,2365.51,2368.39,2368.39,2370.74
2017-03-08,3812100000,2373.09,2361.01,2362.98,2362.98,2369.81
2017-03-09,3716340000,2369.08,2354.54,2364.87,2364.87,2363.49
2017-03-10,3432950000,2376.86,2363.04,2372.6,2372.6,2372.52
2017-03-13,3133900000,2374.42,2368.52,2373.47,2373.47,2371.56
2017-03-14,3172630000,2368.55,2358.18,2365.45,2365.45,2368.55
2017-03-15,3906840000,2390.01,2368.94,2385.26,2385.26,2370.34
2017-03-16,3365660000,2388.1,2377.18,2381.38,2381.38,2387.71
2017-03-17,5178040000,2385.71,2377.64,2378.25,2378.25,2383.71
2017-03-20,3054930000,2379.55,2369.66,2373.47,2373.47,2378.24
2017-03-21,4265590000,2381.93,2341.9,2344.02,2344.02,2379.32
2017-03-22,3572730000,2351.81,2336.45,2348.45,2348.45,2343.0
2017-03-23,3260600000,2358.92,2342.13,2345.96,2345.96,2345.97
2017-03-24,2975130000,2356.22,2335.74,2343.98,2343.98,2350.42
2017-03-27,3240230000,2344.9,2322.25,2341.59,2341.59,2329.11
2017-03-28,3367780000,2363.78,2337.63,2358.57,2358.57,2339.79
2017-03-29,3106940000,2363.36,2352.94,2361.13,2361.13,2356.54
2017-03-30,3158420000,2370.42,2358.58,2368.06,2368.06,2361.31
2017-03-31,3354110000,2370.35,2362.6,2362.72,2362.72,2364.82
2017-04-03,3416400000,2365.87,2344.73,2358.84,2358.84,2362.34
2017-04-04,3206240000,2360.53,2350.72,2360.16,2360.16,2354.76
2017-04-05,3770520000,2378.36,2350.52,2352.95,2352.95,2366.59
2017-04-06,3201920000,2364.16,2348.9,2357.49,2357.49,2353.79
2017-04-07,3053150000,2363.76,2350.74,2355.54,2355.54,2356.59
2017-04-10,2785410000,2366.37,2351.5,2357.16,2357.16,2357.16
2017-04-11,3117420000,2355.22,2337.25,2353.78,2353.78,2353.92
2017-04-12,3196950000,2352.72,2341.18,2344.93,2344.93,2352.15
2017-04-13,3143890000,2348.26,2328.95,2328.95,2328.95,2341.98
2017-04-17,2824710000,2349.14,2332.51,2349.01,2349.01,2332.62
2017-04-18,3269840000,2348.35,2334.54,2342.19,2342.19,2342.53
2017-04-19,3519900000,2352.63,2335.05,2338.17,2338.17,2346.79
2017-04-20,3647420000,2361.37,2340.91,2355.84,2355.84,2342.69
2017-04-21,3503360000,2356.18,2344.51,2348.69,2348.69,2354.74
2017-04-24,3690650000,2376.98,2369.19,2374.15,2374.15,2370.33
2017-04-25,3995240000,2392.48,2381.15,2388.61,2388.61,2381.51
2017-04-26,4105920000,2398.16,2386.78,2387.45,2387.45,2388.98
2017-04-27,4098460000,2392.1,2382.68,2388.77,2388.77,2389.7
2017-04-28,3718270000,2393.68,2382.36,2384.2,2384.2,2393.68
2017-05-01,3199240000,2394.49,2384.83,2388.33,2388.33,2388.5
2017-05-02,3813680000,2392.93,2385.82,2391.17,2391.17,2391.05
2017-05-03,3893990000,2389.82,2379.75,2388.13,2388.13,2386.5
2017-05-04,4362540000,2391.43,2380.35,2389.52,2389.52,2389.79
2017-05-05,3540140000,2399.29,2389.38,2399.29,2399.29,2392.37
2017-05-08,3429440000,2401.36,2393.92,2399.38,2399.38,2399.94
2017-05-09,3653590000,2403.87,2392.44,2396.92,2396.92,2401.58
2017-05-10,3643530000,2399.74,2392.79,2399.63,2399.63,2396.79
2017-05-11,3727420000,2395.72,2381.74,2394.44,2394.44,2394.84
2017-05-12,3305630000,2392.44,2387.19,2390.9,2390.9,2392.44
2017-05-15,3473600000,2404.05,2393.94,2402.32,2402.32,2393.98
2017-05-16,3420790000,2405.77,2396.05,2400.67,2400.67,2404.55
2017-05-17,4163000000,2384.87,2356.21,2357.03,2357.03,2382.95
2017-05-18,4319420000,2375.74,2352.72,2365.72,2365.72,2354.69
2017-05-19,3825160000,2389.06,2370.43,2381.73,2381.73,2371.37
2017-05-22,3172830000,2395.46,2386.92,2394.02,2394.02,2387.21
2017-05-23,3213570000,2400.85,2393.88,2398.42,2398.42,2397.04
2017-05-24,3389900000,2405.58,2397.99,2404.39,2404.39,2401.41
2017-05-25,3535390000,2418.71,2408.01,2415.07,2415.07,2409.54
2017-05-26,2805040000,2416.68,2412.2,2415.82,2415.82,2414.5
2017-05-30,3203160000,2415.26,2409.43,2412.91,2412.91,2411.67
2017-05-31,4516110000,2415.99,2403.59,2411.8,2411.8,2415.63
2017-06-01,3857140000,2430.06,2413.54,2430.06,2430.06,2415.65
2017-06-02,3461680000,2440.23,2427.71,2439.07,2439.07,2431.28
2017-06-05,2912600000,2439.55,2434.32,2436.1,2436.1,2437.83
2017-06-06,3357840000,2436.21,2428.12,2429.33,2429.33,2431.92
2017-06-07,3572300000,2435.28,2424.75,2433.14,2433.14,2432.03
2017-06-08,3728860000,2439.27,2427.94,2433.79,2433.79,2434.27
2017-06-09,4027340000,2446.2,2415.7,2431.77,2431.77,2436.39
2017-06-12,4027750000,2430.38,2419.97,2429.39,2429.39,2425.88
2017-06-13,3275500000,2441.49,2431.28,2440.35,2440.35,2434.15
2017-06-14,3555590000,2443.75,2428.34,2437.92,2437.92,2443.75
2017-06-15,3353050000,2433.95,2418.53,2432.46,2432.46,2424.14
2017-06-16,5284720000,2433.15,2422.88,2433.15,2433.15,2431.24
2017-06-19,3264700000,2453.82,2441.79,2453.46,2453.46,2442.55
2017-06-20,3416510000,2450.66,2436.6,2437.03,2437.03,2450.66
2017-06-21,3594820000,2442.23,2430.74,2435.61,2435.61,2439.31
2017-06-22,3468210000,2441.62,2433.27,2434.5,2434.5,2437.4
2017-06-23,5278330000,2441.4,2431.11,2438.3,2438.3,2434.65
2017-06-26,3238970000,2450.42,2437.03,2439.07,2439.07,2443.32
2017-06-27,3563910000,2440.15,2419.38,2419.38,2419.38,2436.34
2017-06-28,3500800000,2442.97,2428.02,2440.69,2440.69,2428.7
2017-06-29,3900280000,2442.73,2405.7,2419.7,2419.7,2442.38
2017-06-30,3361590000,2432.71,2421.65,2423.41,2423.41,2429.2
2017-07-03,1962290000,2439.17,2428.69,2429.01,2429.01,2431.39
2017-07-05,3367220000,2434.9,2422.05,2432.54,2432.54,2430.78
2017-07-06,3364520000,2424.28,2407.7,2409.75,2409.75,2423.44
2017-07-07,2901330000,2426.92,2413.52,2425.18,2425.18,2413.52
2017-07-10,2999130000,2432.0,2422.27,2427.43,2427.43,2424.51
2017-07-11,3106750000,2429.3,2412.79,2425.53,2425.53,2427.35
2017-07-12,3171620000,2445.76,2435.75,2443.25,2443.25,2435.75
2017-07-13,3067670000,2449.32,2441.69,2447.83,2447.83,2444.99
2017-07-14,2736640000,2463.54,2446.69,2459.27,2459.27,2449.16
2017-07-17,2793170000,2462.82,2457.16,2459.14,2459.14,2459.5
2017-07-18,2962130000,2460.92,2450.34,2460.61,2460.61,2455.88
2017-07-19,3059760000,2473.83,2463.85,2473.83,2473.83,2463.85
2017-07-20,3182780000,2477.62,2468.43,2473.45,2473.45,2475.56
2017-07-21,3059570000,2472.54,2465.06,2472.54,2472.54,2467.4
2017-07-24,3010240000,2473.1,2466.32,2469.91,2469.91,2472.04
2017-07-25,4108060000,2481.24,2474.91,2477.13,2477.13,2477.88
2017-07-26,3557020000,2481.69,2474.94,2477.83,2477.83,2479.97
2017-07-27,3995520000,2484.04,2459.93,2475.42,2475.42,2482.76
2017-07-28,3294770000,2473.53,2464.66,2472.1,2472.1,2469.12
2017-07-31,3469210000,2477.96,2468.53,2470.3,2470.3,2475.94
2017-08-01,3460860000,2478.51,2471.14,2476.35,2476.35,2477.1
2017-08-02,3478580000,2480.38,2466.48,2477.57,2477.57,2480.38
2017-08-03,3645020000,2476.03,2468.85,2472.16,2472.16,2476.03
2017-08-04,3235140000,2480.0,2472.08,2476.83,2476.83,2476.88
2017-08-07,2931780000,2480.95,2475.88,2480.91,2480.91,2477.14
2017-08-08,3344640000,2490.87,2470.32,2474.92,2474.92,2478.35
2017-08-09,3308060000,2474.41,2462.08,2474.02,2474.02,2465.35
2017-08-10,3621070000,2465.38,2437.75,2438.21,2438.21,2465.38
2017-08-11,3159930000,2448.09,2437.85,2441.32,2441.32,2441.04
2017-08-14,2822550000,2468.22,2454.96,2465.84,2465.84,2454.96
2017-08-15,2913100000,2468.9,2461.61,2464.61,2464.61,2468.66
2017-08-16,2953650000,2474.93,2463.86,2468.11,2468.11,2468.63
2017-08-17,3142620000,2465.02,2430.01,2430.01,2430.01,2462.95
2017-08-18,3415680000,2440.27,2420.69,2425.55,2425.55,2427.64
2017-08-21,2788150000,2430.58,2417.35,2428.37,2428.37,2425.5
2017-08-22,2777490000,2454.77,2433.67,2452.51,2452.51,2433.75
2017-08-23,2785290000,2448.91,2441.42,2444.04,2444.04,2444.88
2017-08-24,2846590000,2450.39,2436.19,2438.97,2438.97,2447.91
2017-08-25,2588780000,2453.96,2442.22,2443.05,2443.05,2444.72
2017-08-28,2677700000,2449.12,2439.03,2444.24,2444.24,2447.35
2017-08-29,2737580000,2449.19,2428.2,2446.3,2446.3,2431.94
2017-08-30,2633660000,2460.31,2443.77,2457.59,2457.59,2446.06
2017-08-31,3348110000,2475.01,2462.65,2471.65,2471.65,2462.65
2017-09-01,2710730000,2480.38,2473.85,2476.55,2476.55,2474.42
2017-09-05,3490260000,2471.97,2446.55,2457.85,2457.85,2470.35
2017-09-06,3374410000,2469.64,2459.2,2465.54,2465.54,2463.83
2017-09-07,3353930000,2468.62,2460.29,2465.1,2465.1,2468.06
2017-09-08,3302490000,2467.11,2459.4,2461.43,2461.43,2462.25
2017-09-11,3291760000,2488.95,2474.52,2488.11,2488.11,2474.52
2017-09-12,3230920000,2496.77,2490.37,2496.48,2496.48,2491.94
2017-09-13,3368050000,2498.37,2492.14,2498.37,2498.37,2493.89
2017-09-14,3414460000,2498.43,2491.35,2495.62,2495.62,2494.56
2017-09-15,4853170000,2500.23,2493.16,2500.23,2500.23,2495.67
2017-09-18,3194300000,2508.32,2499.92,2503.87,2503.87,2502.51
2017-09-19,3249100000,2507.84,2503.19,2506.65,2506.65,2506.29
2017-09-20,3530010000,2508.85,2496.67,2508.24,2508.24,2506.84
2017-09-21,2930860000,2507.16,2499.0,2500.6,2500.6,2507.16
2017-09-22,2865960000,2503.47,2496.54,2502.22,2502.22,2497.26
2017-09-25,3297890000,2502.54,2488.03,2496.66,2496.66,2499.39
2017-09-26,3043110000,2503.51,2495.12,2496.84,2496.84,2501.04
2017-09-27,3456030000,2511.75,2495.91,2507.04,2507.04,2503.3
2017-09-28,3168620000,2510.81,2502.93,2510.06,2510.06,2503.41
2017-09-29,3211920000,2519.44,2507.99,2519.36,2519.36,2509.96
2017-10-02,3199730000,2529.23,2520.4,2529.12,2529.12,2521.2
2017-10-03,3068850000,2535.13,2528.85,2534.58,2534.58,2530.34
2017-10-04,3017120000,2540.53,2531.8,2537.74,2537.74,2533.48
2017-10-05,3045120000,2552.51,2540.02,2552.07,2552.07,2540.86
2017-10-06,2884570000,2549.41,2543.79,2549.33,2549.33,2547.44
2017-10-09,2483970000,2551.82,2541.6,2544.73,2544.73,2551.39
2017-10-10,2960500000,2555.23,2544.86,2550.64,2550.64,2549.99
2017-10-11,2976090000,2555.24,2547.95,2555.24,2555.24,2550.62
2017-10-12,3151510000,2555.33,2548.31,2550.93,2550.93,2552.88
2017-10-13,3149440000,2557.65,2552.09,2553.17,2553.17,2555.66
2017-10-16,2916020000,2559.47,2552.64,2557.64,2557.64,2555.57
2017-10-17,2889390000,2559.71,2554.69,2559.36,2559.36,2557.17
2017-10-18,2998090000,2564.11,2559.67,2561.26,2561.26,2562.87
2017-10-19,2990710000,2562.36,2547.92,2562.1,2562.1,2553.39
2017-10-20,3384650000,2575.44,2567.56,2575.21,2575.21,2567.56
2017-10-23,3211710000,2578.29,2564.33,2564.98,2564.98,2578.08
2017-10-24,3427330000,2572.18,2565.58,2569.13,2569.13,2568.66
2017-10-25,3874510000,2567.4,2544.0,2557.15,2557.15,2566.52
2017-10-26,3869050000,2567.07,2559.8,2560.4,2560.4,2560.08
2017-10-27,3887110000,2582.98,2565.94,2581.07,2581.07,2570.26
2017-10-30,3658870000,2580.03,2568.25,2572.83,2572.83,2577.75
2017-10-31,3827230000,2578.29,2572.15,2575.26,2575.26,2575.99
2017-11-01,3813180000,2588.4,2574.92,2579.36,2579.36,2583.21
2017-11-02,4048270000,2581.11,2566.17,2579.85,2579.85,2579.46
2017-11-03,3567710000,2588.42,2576.77,2587.84,2587.84,2581.93
2017-11-06,3539080000,2593.38,2585.66,2591.13,2591.13,2587.47
2017-11-07,3809650000,2597.02,2584.35,2590.64,2590.64,2592.11
2017-11-08,3899360000,2595.47,2585.02,2594.38,2594.38,2588.71
2017-11-09,3831610000,2586.5,2566.33,2584.62,2584.62,2584.0
2017-11-10,3486910000,2583.81,2575.57,2582.3,2582.3,2580.18
2017-11-13,3402930000,2587.66,2574.48,2584.84,2584.84,2576.53
2017-11-14,3641760000,2579.66,2566.56,2578.87,2578.87,2577.75
2017-11-15,3558890000,2572.84,2557.45,2564.62,2564.62,2569.45
2017-11-16,3312710000,2590.09,2572.95,2585.64,2585.64,2572.95
2017-11-17,3300160000,2583.96,2577.62,2578.85,2578.85,2582.94
2017-11-20,3003540000,2584.64,2578.24,2582.14,2582.14,2579.49
2017-11-21,3332720000,2601.19,2589.17,2599.03,2599.03,2589.17
2017-11-22,2762950000,2600.94,2595.23,2597.08,2597.08,2600.31
2017-11-24,1349780000,2604.21,2600.42,2602.42,2602.42,2600.42
2017-11-27,3006860000,2606.41,2598.87,2601.42,2601.42,2602.66
2017-11-28,3488420000,2627.69,2605.44,2627.04,2627.04,2605.94
2017-11-29,4078280000,2634.89,2620.32,2626.07,2626.07,2627.82
2017-11-30,4938490000,2657.74,2633.93,2647.58,2647.58,2633.93
2017-12-01,3942320000,2650.62,2605.52,2642.22,2642.22,2645.1
2017-12-04,4023150000,2665.19,2639.03,2639.44,2639.44,2657.19
2017-12-05,3539040000,2648.72,2627.73,2629.57,2629.57,2639.78
2017-12-06,3229000000,2634.41,2624.75,2629.27,2629.27,2626.24
2017-12-07,3292400000,2640.99,2626.53,2636.98,2636.98,2628.38
2017-12-08,3106150000,2651.65,2644.1,2651.5,2651.5,2646.21
2017-12-11,3091950000,2660.33,2651.47,2659.99,2659.99,2652.19
2017-12-12,3555680000,2669.72,2659.78,2664.11,2664.11,2661.73
2017-12-13,3542370000,2671.88,2662.85,2662.85,2662.85,2667.59
2017-12-14,3430030000,2668.09,2652.01,2652.01,2652.01,2665.87
2017-12-15,5723920000,2679.63,2659.14,2675.81,2675.81,2660.63
2017-12-18,3724660000,2694.97,2685.92,2690.16,2690.16,2685.92
2017-12-19,3368590000,2694.44,2680.74,2681.47,2681.47,2692.71
2017-12-20,3241030000,2691.01,2676.11,2679.25,2679.25,2688.18
2017-12-21,3273390000,2692.64,2682.4,2684.57,2684.57,2683.02
2017-12-22,2399830000,2685.35,2678.13,2683.34,2683.34,2684.22
2017-12-26,1968780000,2682.74,2677.96,2680.5,2680.5,2679.09
2017-12-27,2202080000,2685.64,2678.91,2682.62,2682.62,2682.1
2017-12-28,2153330000,2687.66,2682.69,2687.54,2687.54,2686.1
2017-12-29,2443490000,2692.12,2673.61,2673.61,2673.61,2689.15
2018-01-02,3367250000,2695.89,2682.36,2695.81,2695.81,2683.73
2018-01-03,3538660000,2714.37,2697.77,2713.06,2713.06,2697.85
2018-01-04,3695260000,2729.29,2719.07,2723.99,2723.99,2719.31
2018-01-05,3236620000,2743.45,2727.92,2743.15,2743.15,2731.33
2018-01-08,3242650000,2748.51,2737.6,2747.71,2747.71,2742.67
2018-01-09,3453480000,2759.14,2747.86,2751.29,2751.29,2751.15
2018-01-10,3576350000,2750.8,2736.06,2748.23,2748.23,2745.55
2018-01-11,3641320000,2767.56,2752.78,2767.56,2767.56,2752.97
2018-01-12,3573970000,2787.85,2769.64,2786.24,2786.24,2770.18
2018-01-16,4325970000,2807.54,2768.64,2776.42,2776.42,2798.96
2018-01-17,3778050000,2807.04,2778.38,2802.56,2802.56,2784.99
2018-01-18,3681470000,2805.83,2792.56,2798.03,2798.03,2802.4
2018-01-19,3639430000,2810.33,2798.08,2810.3,2810.3,2802.6
2018-01-22,3471780000,2833.03,2808.12,2832.97,2832.97,2809.16
2018-01-23,3519650000,2842.24,2830.59,2839.13,2839.13,2835.05
2018-01-24,4014070000,2852.97,2824.81,2837.54,2837.54,2845.42
2018-01-25,3835150000,2848.56,2830.94,2839.25,2839.25,2846.24
2018-01-26,3443230000,2872.87,2846.18,2872.87,2872.87,2847.48
2018-01-29,3573830000,2870.62,2851.48,2853.53,2853.53,2867.23
2018-01-30,3990650000,2837.75,2818.27,2822.43,2822.43,2832.74
2018-01-31,4261280000,2839.26,2813.04,2823.81,2823.81,2832.41
2018-02-01,3938450000,2835.96,2812.7,2821.98,2821.98,2816.45
2018-02-02,4301130000,2808.92,2759.97,2762.13,2762.13,2808.92
2018-02-05,5283460000,2763.39,2638.17,2648.94,2648.94,2741.06
2018-02-06,5891660000,2701.04,2593.07,2695.14,2695.14,2614.78
2018-02-07,4626570000,2727.67,2681.33,2681.66,2681.66,2690.95
2018-02-08,5305440000,2685.27,2580.56,2581.0,2581.0,2685.01
2018-02-09,5680070000,2638.67,2532.69,2619.55,2619.55,2601.78
2018-02-12,4055790000,2672.61,2622.45,2656.0,2656.0,2636.75
2018-02-13,3472870000,2668.84,2637.08,2662.94,2662.94,2646.27
2018-02-14,4003740000,2702.1,2648.87,2698.63,2698.63,2651.21
2018-02-15,3684910000,2731.51,2689.82,2731.2,2731.2,2713.46
2018-02-16,3637460000,2754.42,2725.11,2732.22,2732.22,2727.14
2018-02-20,3627610000,2737.6,2706.76,2716.26,2716.26,2722.99
2018-02-21,3779400000,2747.75,2701.29,2701.33,2701.33,2720.53
2018-02-22,3701270000,2731.26,2697.77,2703.96,2703.96,2710.42
2018-02-23,3189190000,2747.76,2713.74,2747.3,2747.3,2715.8
2018-02-26,3424650000,2780.64,2753.78,2779.6,2779.6,2757.37
2018-02-27,3745080000,2789.15,2744.22,2744.28,2744.28,2780.45
2018-02-28,4230660000,2761.52,2713.54,2713.83,2713.83,2753.78
2018-03-01,4503970000,2730.89,2659.65,2677.67,2677.67,2715.22
2018-03-02,3882450000,2696.25,2647.32,2691.25,2691.25,2658.89
2018-03-05,3710810000,2728.09,2675.75,2720.94,2720.94,2681.06
2018-03-06,3370690000,2732.08,2711.26,2728.12,2728.12,2730.18
2018-03-07,3393270000,2730.6,2701.74,2726.8,2726.8,2710.18
2018-03-08,3212320000,2740.45,2722.65,2738.97,2738.97,2732.75
2018-03-09,3364100000,2786.57,2751.54,2786.57,2786.57,2752.91
2018-03-12,3185020000,2796.98,2779.26,2783.02,2783.02,2790.54
2018-03-13,3301650000,2801.9,2758.68,2765.31,2765.31,2792.31
2018-03-14,3391360000,2777.11,2744.38,2749.48,2749.48,2774.06
2018-03-15,3500330000,2763.03,2741.47,2747.33,2747.33,2754.27
2018-03-16,5372340000,2761.85,2749.97,2752.01,2752.01,2750.57
2018-03-19,3302130000,2741.38,2694.59,2712.92,2712.92,2741.38
2018-03-20,3261030000,2724.22,2710.05,2716.94,2716.94,2715.05
2018-03-21,3415510000,2739.14,2709.79,2711.93,2711.93,2714.99
2018-03-22,3739800000,2695.68,2641.59,2643.69,2643.69,2691.36
2018-03-23,3815080000,2657.67,2585.89,2588.26,2588.26,2646.71
2018-03-26,3511100000,2661.36,2601.81,2658.55,2658.55,2619.35
2018-03-27,3706350000,2674.78,2596.12,2612.62,2612.62,2667.57
2018-03-28,3864500000,2632.65,2593.06,2605.0,2605.0,2611.3
2018-03-29,3565990000,2659.07,2609.72,2640.87,2640.87,2614.41
2018-04-02,3598520000,2638.3,2553.8,2581.88,2581.88,2633.45
2018-04-03,3392810000,2619.14,2575.49,2614.45,2614.45,2592.17
2018-04-04,3350340000,2649.86,2573.61,2644.69,2644.69,2584.04
2018-04-05,3178970000,2672.08,2649.58,2662.84,2662.84,2657.36
2018-04-06,3299700000,2656.88,2586.27,2604.47,2604.47,2645.82
2018-04-09,3062960000,2653.55,2610.79,2613.16,2613.16,2617.18
2018-04-10,3543930000,2665.45,2635.78,2656.87,2656.87,2638.41
2018-04-11,3020760000,2661.43,2639.25,2642.19,2642.19,2643.89
2018-04-12,3021320000,2674.72,2653.83,2663.99,2663.99,2653.83
2018-04-13,2960910000,2680.26,2645.05,2656.3,2656.3,2676.9
2018-04-16,3019700000,2686.49,2665.16,2677.84,2677.84,2670.1
2018-04-17,3234360000,2713.34,2692.05,2706.39,2706.39,2692.74
2018-04-18,3383410000,2717.49,2703.63,2708.64,2708.64,2710.11
2018-04-19,3349370000,2702.84,2681.9,2693.13,2693.13,2701.16
2018-04-20,3388590000,2693.94,2660.61,2670.14,2670.14,2692.56
2018-04-23,3017480000,2682.86,2657.99,2670.29,2670.29,2675.4
2018-04-24,3706740000,2683.55,2617.32,2634.56,2634.56,2680.8
2018-04-25,3499440000,2645.3,2612.67,2639.4,2639.4,2634.92
2018-04-26,3665720000,2676.48,2647.16,2666.94,2666.94,2651.65
2018-04-27,3219030000,2677.35,2659.01,2669.91,2669.91,2675.47
2018-04-30,3734530000,2682.87,2648.04,2648.05,2648.05,2682.51
2018-05-01,3559850000,2655.27,2625.41,2654.8,2654.8,2642.96
2018-05-02,4010770000,2660.87,2631.7,2635.67,2635.67,2654.24
2018-05-03,3851470000,2637.14,2594.62,2629.73,2629.73,2628.08
2018-05-04,3327220000,2670.93,2615.32,2663.42,2663.42,2621.45
2018-05-07,3237960000,2683.35,2664.7,2672.63,2672.63,2680.34
2018-05-08,3717570000,2676.34,2655.2,2671.92,2671.92,2670.26
2018-05-09,3909500000,2701.27,2674.14,2697.79,2697.79,2678.12
2018-05-10,3333050000,2726.11,2704.54,2723.07,2723.07,2705.02
2018-05-11,2862700000,2732.86,2717.45,2727.72,2727.72,2722.7
2018-05-14,2972660000,2742.1,2725.47,2730.13,2730.13,2738.47
2018-05-15,3290680000,2718.59,2701.91,2711.45,2711.45,2718.59
2018-05-16,3202670000,2727.76,2712.17,2722.46,2722.46,2712.62
2018-05-17,3475400000,2731.96,2711.36,2720.13,2720.13,2719.71
2018-05-18,3368690000,2719.5,2709.18,2712.97,2712.97,2717.35
2018-05-21,3019890000,2739.19,2725.7,2733.01,2733.01,2735.39
2018-05-22,3366310000,2742.24,2721.88,2724.44,2724.44,2738.34
2018-05-23,3326290000,2733.33,2709.54,2733.29,2733.29,2713.98
2018-05-24,3256030000,2731.97,2707.38,2727.76,2727.76,2730.94
2018-05-25,2995260000,2727.36,2714.99,2721.33,2721.33,2723.6
2018-05-29,3736890000,2710.67,2676.81,2689.86,2689.86,2705.11
2018-05-30,3561050000,2729.34,2702.43,2724.01,2724.01,2702.43
2018-05-31,4235370000,2722.5,2700.68,2705.27,2705.27,2720.98
2018-06-01,3684130000,2736.93,2718.7,2734.62,2734.62,2718.7
2018-06-04,3376510000,2749.16,2740.54,2746.87,2746.87,2741.67
2018-06-05,3517790000,2752.61,2739.51,2748.8,2748.8,2748.46
2018-06-06,3651640000,2772.39,2748.46,2772.35,2772.35,2753.25
2018-06-07,3711330000,2779.9,2760.16,2770.37,2770.37,2774.84
2018-06-08,3123210000,2779.39,2763.59,2779.03,2779.03,2765.84
2018-06-11,3232330000,2790.21,2780.17,2782.0,2782.0,2780.18
2018-06-12,3401010000,2789.8,2778.78,2786.85,2786.85,2785.6
2018-06-13,3779230000,2791.47,2774.65,2775.63,2775.63,2787.94
2018-06-14,3526890000,2789.06,2776.52,2782.49,2782.49,2783.21
2018-06-15,5428790000,2782.81,2761.73,2779.66,2779.66,2777.78
2018-06-18,3287150000,2774.99,2757.12,2773.75,2773.75,2765.79
2018-06-19,3661470000,2765.05,2743.19,2762.59,2762.59,2752.01
2018-06-20,3327600000,2774.86,2763.91,2767.32,2767.32,2769.73
2018-06-21,3300060000,2769.28,2744.39,2749.76,2749.76,2769.28
2018-06-22,5450550000,2764.17,2752.68,2754.88,2754.88,2760.79
2018-06-25,3655080000,2742.94,2698.67,2717.07,2717.07,2742.94
2018-06-26,3555090000,2732.91,2715.6,2723.06,2723.06,2722.12
2018-06-27,3776090000,2746.09,2699.38,2699.63,2699.63,2728.45
2018-06-28,3428140000,2724.34,2691.99,2716.31,2716.31,2698.69
2018-06-29,3565620000,2743.26,2718.03,2718.37,2718.37,2727.13
2018-07-02,3073650000,2727.26,2698.95,2726.71,2726.71,2704.95
2018-07-03,1911470000,2736.58,2711.16,2713.22,2713.22,2733.27
2018-07-05,2953420000,2737.83,2716.02,2736.61,2736.61,2724.19
2018-07-06,2554780000,2764.41,2733.52,2759.82,2759.82,2737.68
2018-07-09,3050040000,2784.65,2770.73,2784.17,2784.17,2775.62
2018-07-10,3063850000,2795.58,2786.24,2793.84,2793.84,2788.56
2018-07-11,2964740000,2785.91,2770.77,2774.02,2774.02,2779.82
2018-07-12,2821690000,2799.22,2781.53,2798.29,2798.29,2783.14
2018-07-13,2614000000,2804.53,2791.69,2801.31,2801.31,2796.93
2018-07-16,2812230000,2801.19,2793.39,2798.43,2798.43,2797.36
2018-07-17,3050730000,2814.19,2789.24,2809.55,2809.55,2789.34
2018-07-18,3089780000,2816.76,2805.89,2815.62,2815.62,2811.35
2018-07-19,3266700000,2812.05,2799.77,2804.49,2804.49,2809.37
2018-07-20,3230210000,2809.7,2800.01,2801.83,2801.83,2804.55
2018-07-23,2907430000,2808.61,2795.14,2806.98,2806.98,2799.17
2018-07-24,3417530000,2829.99,2811.12,2820.4,2820.4,2820.68
2018-07-25,3553010000,2848.03,2817.73,2846.07,2846.07,2817.73
2018-07-26,3653330000,2845.57,2835.26,2837.44,2837.44,2835.49
2018-07-27,3415710000,2843.17,2808.34,2818.82,2818.82,2842.35
2018-07-30,3245770000,2821.74,2798.11,2802.6,2802.6,2819.0
2018-07-31,3892100000,2824.46,2808.06,2816.29,2816.29,2809.73
2018-08-01,3496990000,2825.83,2805.85,2813.36,2813.36,2821.17
2018-08-02,3467380000,2829.91,2796.34,2827.22,2827.22,2800.48
2018-08-03,3030390000,2840.38,2827.37,2840.35,2840.35,2829.62
2018-08-06,2874540000,2853.29,2835.98,2850.4,2850.4,2840.29
2018-08-07,3162770000,2863.43,2855.92,2858.45,2858.45,2855.92
2018-08-08,2972200000,2862.44,2853.09,2857.7,2857.7,2856.79
2018-08-09,3047050000,2862.48,2851.98,2853.58,2853.58,2857.19
2018-08-10,3256040000,2842.2,2825.81,2833.28,2833.28,2838.9
2018-08-13,3158450000,2843.4,2819.88,2821.93,2821.93,2835.46
2018-08-14,2976970000,2843.11,2826.58,2839.96,2839.96,2827.88
2018-08-15,3645070000,2827.95,2802.49,2818.37,2818.37,2827.95
2018-08-16,3219880000,2850.49,2831.44,2840.69,2840.69,2831.44
2018-08-17,3024100000,2855.63,2833.73,2850.13,2850.13,2838.32
2018-08-20,2748020000,2859.76,2850.62,2857.05,2857.05,2853.93
2018-08-21,3147140000,2873.23,2861.32,2862.96,2862.96,2861.51
2018-08-22,2689560000,2867.54,2856.05,2861.82,2861.82,2860.99
2018-08-23,2713910000,2868.78,2854.03,2856.98,2856.98,2860.29
2018-08-24,2596190000,2876.16,2862.35,2874.69,2874.69,2862.35
2018-08-27,2854080000,2898.25,2884.69,2896.74,2896.74,2884.69
2018-08-28,2683190000,2903.77,2893.5,2897.52,2897.52,2901.45
2018-08-29,2791860000,2916.5,2898.4,2914.04,2914.04,2900.62
2018-08-30,2802180000,2912.46,2895.22,2901.13,2901.13,2908.94
2018-08-31,2880260000,2906.32,2891.73,2901.52,2901.52,2898.37
2018-09-04,3077060000,2900.18,2885.13,2896.72,2896.72,2896.96
2018-09-05,3241250000,2894.21,2876.92,2888.6,2888.6,2891.59
2018-09-06,3139590000,2892.05,2867.29,2878.05,2878.05,2888.64
2018-09-07,2946270000,2883.81,2864.12,2871.68,2871.68,2868.26
2018-09-10,2731400000,2886.93,2875.94,2877.13,2877.13,2881.39
2018-09-11,2899660000,2892.52,2866.78,2887.89,2887.89,2871.57
2018-09-12,3264930000,2894.65,2879.2,2888.92,2888.92,2888.29
2018-09-13,3254930000,2906.76,2896.39,2904.18,2904.18,2896.85
2018-09-14,3149800000,2908.3,2895.77,2904.98,2904.98,2906.38
2018-09-17,2947760000,2904.65,2886.16,2888.8,2888.8,2903.83
2018-09-18,3074610000,2911.17,2890.43,2904.31,2904.31,2890.74
2018-09-19,3280020000,2912.36,2903.82,2907.95,2907.95,2906.6
2018-09-20,3337730000,2934.8,2919.73,2930.75,2930.75,2919.73
2018-09-21,5607610000,2940.91,2927.11,2929.67,2929.67,2936.76
2018-09-24,3372210000,2923.79,2912.63,2919.37,2919.37,2921.83
2018-09-25,3285480000,2923.95,2913.7,2915.56,2915.56,2921.75
2018-09-26,3388620000,2931.15,2903.28,2905.97,2905.97,2916.98
2018-09-27,3060850000,2927.22,2909.27,2914.0,2914.0,2911.65
2018-09-28,3432300000,2920.53,2907.5,2913.98,2913.98,2910.03
2018-10-01,3364190000,2937.06,2917.91,2924.59,2924.59,2926.29
2018-10-02,3401880000,2931.42,2919.37,2923.43,2923.43,2923.8
2018-10-03,3598710000,2939.86,2921.36,2925.51,2925.51,2931.69
2018-10-04,3496860000,2919.78,2883.92,2901.61,2901.61,2919.35
2018-10-05,3328980000,2909.64,2869.29,2885.57,2885.57,2902.54
2018-10-08,3330320000,2889.45,2862.08,2884.43,2884.43,2877.53
2018-10-09,3520500000,2894.83,2874.27,2880.34,2880.34,2882.51
2018-10-10,4501250000,2874.02,2784.86,2785.68,2785.68,2873.9
2018-10-11,4890630000,2795.14,2710.51,2728.37,2728.37,2776.87
2018-10-12,3966040000,2775.77,2729.44,2767.13,2767.13,2770.54
2018-10-15,3300140000,2775.99,2749.03,2750.79,2750.79,2763.83
2018-10-16,3428340000,2813.46,2766.91,2809.92,2809.92,2767.05
2018-10-17,3321710000,2816.94,2781.81,2809.21,2809.21,2811.67
2018-10-18,3616440000,2806.04,2755.18,2768.78,2768.78,2802.0
2018-10-19,3566490000,2797.77,2760.27,2767.78,2767.78,2775.66
2018-10-22,3307140000,2778.94,2749.22,2755.88,2755.88,2773.94
2018-10-23,4348580000,2753.59,2691.43,2740.69,2740.69,2721.03
2018-10-24,4709310000,2742.59,2651.89,2656.1,2656.1,2737.87
2018-10-25,4634770000,2722.7,2667.84,2705.57,2705.57,2674.88
2018-10-26,4803150000,2692.38,2628.16,2658.69,2658.69,2667.86
2018-10-29,4673700000,2706.85,2603.54,2641.25,2641.25,2682.65
2018-10-30,5106380000,2685.43,2635.34,2682.63,2682.63,2640.68
2018-10-31,5112420000,2736.69,2705.6,2711.74,2711.74,2705.6
2018-11-01,4708420000,2741.67,2708.85,2740.37,2740.37,2717.58
2018-11-02,4237930000,2756.55,2700.44,2723.06,2723.06,2745.45
2018-11-05,3623320000,2744.27,2717.94,2738.31,2738.31,2726.37
2018-11-06,3510860000,2756.82,2737.08,2755.45,2755.45,2738.4
2018-11-07,3914750000,2815.15,2774.13,2813.89,2813.89,2774.13
2018-11-08,3630490000,2814.75,2794.99,2806.83,2806.83,2806.38
2018-11-09,4019090000,2794.1,2764.24,2781.01,2781.01,2794.1
2018-11-12,3670930000,2775.99,2722.0,2726.22,2726.22,2773.93
2018-11-13,4091440000,2754.6,2714.98,2722.18,2722.18,2730.05
2018-11-14,4402370000,2746.8,2685.75,2701.58,2701.58,2737.9
2018-11-15,4179140000,2735.38,2670.75,2730.2,2730.2,2693.52
2018-11-16,3975180000,2746.75,2712.16,2736.27,2736.27,2718.54
2018-11-19,3772900000,2733.16,2681.09,2690.73,2690.73,2730.74
2018-11-20,4357900000,2669.44,2631.52,2641.89,2641.89,2654.6
2018-11-21,3233550000,2670.73,2649.82,2649.93,2649.93,2657.74
2018-11-23,1651650000,2647.55,2631.09,2632.56,2632.56,2633.36
2018-11-26,3443950000,2674.35,2649.97,2673.45,2673.45,2649.97
2018-11-27,3485220000,2682.53,2655.89,2682.17,2682.17,2663.75
2018-11-28,3951670000,2744.0,2684.38,2743.79,2743.79,2691.45
2018-11-29,3560770000,2753.75,2722.94,2737.8,2737.8,2736.97
2018-11-30,4658580000,2760.88,2732.76,2760.17,2760.17,2737.76
2018-12-03,4186060000,2800.18,2773.38,2790.37,2790.37,2790.5
2018-12-04,4499840000,2785.93,2697.18,2700.06,2700.06,2782.43
2018-12-06,5141470000,2696.15,2621.53,2695.95,2695.95,2663.51
2018-12-07,4216690000,2708.54,2623.14,2633.08,2633.08,2691.26
2018-12-10,4151030000,2647.51,2583.23,2637.72,2637.72,2630.86
2018-12-11,3905870000,2674.35,2621.3,2636.78,2636.78,2664.44
2018-12-12,3958890000,2685.44,2650.26,2651.07,2651.07,2658.23
2018-12-13,3927720000,2670.19,2637.27,2650.54,2650.54,2658.7
2018-12-14,4035020000,2635.07,2593.84,2599.95,2599.95,2629.68
2018-12-17,4616350000,2601.13,2530.54,2545.94,2545.94,2590.75
2018-12-18,4470880000,2573.99,2528.71,2546.16,2546.16,2559.9
2018-12-19,5127940000,2585.29,2488.96,2506.96,2506.96,2547.05
2018-12-20,5585780000,2509.63,2441.18,2467.42,2467.42,2496.77
2018-12-21,7609010000,2504.41,2408.55,2416.62,2416.62,2465.38
2018-12-24,2613930000,2410.34,2351.1,2351.1,2351.1,2400.56
2018-12-26,4233990000,2467.76,2346.58,2467.7,2467.7,2363.12
2018-12-27,4096610000,2489.1,2397.94,2488.83,2488.83,2442.5
2018-12-28,3702620000,2520.27,2472.89,2485.74,2485.74,2498.77
2018-12-31,3442870000,2509.24,2482.82,2506.85,2506.85,2498.94
2019-01-02,3733160000,2519.49,2467.47,2510.03,2510.03,2476.96
2019-01-03,3822860000,2493.14,2443.96,2447.89,2447.89,2491.92
2019-01-04,4213410000,2538.07,2474.33,2531.94,2531.94,2474.33
2019-01-07,4104710000,2566.16,2524.56,2549.69,2549.69,2535.61
2019-01-08,4083030000,2579.82,2547.56,2574.41,2574.41,2568.11
2019-01-09,4052480000,2595.32,2568.89,2584.96,2584.96,2580.0
2019-01-10,3704500000,2597.82,2562.02,2596.64,2596.64,2573.51
2019-01-11,3434490000,2596.27,2577.4,2596.26,2596.26,2588.11
2019-01-14,3664450000,2589.32,2570.41,2582.61,2582.61,2580.31
2019-01-15,3572330000,2613.08,2585.1,2610.3,2610.3,2585.1
2019-01-16,3863770000,2625.76,2612.68,2616.1,2616.1,2614.75
2019-01-17,3772270000,2645.06,2606.36,2635.96,2635.96,2609.28
2019-01-18,3986730000,2675.47,2647.58,2670.71,2670.71,2651.27
2019-01-22,3908030000,2657.88,2617.27,2632.9,2632.9,2657.88
2019-01-23,3335610000,2653.19,2612.86,2638.7,2638.7,2643.48
2019-01-24,3433250000,2647.2,2627.01,2642.33,2642.33,2638.84
2019-01-25,3814080000,2672.38,2657.33,2664.76,2664.76,2657.44
2019-01-28,3612810000,2644.97,2624.06,2643.85,2643.85,2644.97
2019-01-29,3504200000,2650.93,2631.05,2640.0,2640.0,2644.89
2019-01-30,3867810000,2690.44,2648.34,2681.05,2681.05,2653.62
2019-01-31,4917650000,2708.95,2678.65,2704.1,2704.1,2685.49
2019-02-01,3759270000,2716.66,2696.88,2706.53,2706.53,2702.32
2019-02-04,3359840000,2724.99,2698.75,2724.87,2724.87,2706.49
2019-02-05,3560430000,2738.98,2724.03,2737.7,2737.7,2728.34
2019-02-06,3472690000,2738.08,2724.15,2731.61,2731.61,2735.05
2019-02-07,4099490000,2719.32,2687.26,2706.05,2706.05,2717.53
2019-02-08,3622330000,2708.07,2681.83,2707.88,2707.88,2692.36
2019-02-11,3361970000,2718.05,2703.79,2709.8,2709.8,2712.4
2019-02-12,3827770000,2748.19,2722.61,2744.73,2744.73,2722.61
2019-02-13,3670770000,2761.85,2748.63,2753.03,2753.03,2750.3
2019-02-14,3836700000,2757.9,2731.23,2745.73,2745.73,2743.5
2019-02-15,3641370000,2775.66,2760.24,2775.6,2775.6,2760.24
2019-02-19,3533710000,2787.33,2767.29,2779.76,2779.76,2769.28
2019-02-20,3835450000,2789.88,2774.06,2784.7,2784.7,2779.05
2019-02-21,3559710000,2781.58,2764.55,2774.88,2774.88,2780.24
2019-02-22,3427810000,2794.2,2779.11,2792.67,2792.67,2780.67
2019-02-25,3804380000,2813.49,2794.99,2796.11,2796.11,2804.35
2019-02-26,3645680000,2803.12,2789.47,2793.9,2793.9,2792.36
2019-02-27,3767130000,2795.76,2775.13,2792.38,2792.38,2787.5
2019-02-28,4396930000,2793.73,2782.51,2784.49,2784.49,2788.11
2019-03-01,3972280000,2808.02,2787.38,2803.69,2803.69,2798.22
2019-03-04,3919810000,2816.88,2767.66,2792.81,2792.81,2814.37
2019-03-05,3585690000,2796.44,2782.97,2789.65,2789.65,2794.41
2019-03-06,3786600000,2790.27,2768.69,2771.45,2771.45,2790.27
2019-03-07,3904860000,2767.25,2739.09,2748.93,2748.93,2766.53
2019-03-08,3423130000,2744.13,2722.27,2743.07,2743.07,2730.79
2019-03-11,3749030000,2784.0,2747.61,2783.3,2783.3,2747.61
2019-03-12,3414230000,2798.32,2786.73,2791.52,2791.52,2787.34
2019-03-13,3766150000,2821.24,2799.78,2810.92,2810.92,2799.78
2019-03-14,3469730000,2815.0,2803.46,2808.48,2808.48,2810.38
2019-03-15,5962730000,2830.73,2810.79,2822.48,2822.48,2810.79
2019-03-18,3552190000,2835.41,2821.99,2832.94,2832.94,2822.61
2019-03-19,3620220000,2852.42,2823.27,2832.57,2832.57,2840.76
2019-03-20,3771200000,2843.54,2812.43,2824.23,2824.23,2831.34
2019-03-21,3546800000,2860.31,2817.38,2854.88,2854.88,2819.72
2019-03-22,4237200000,2846.16,2800.47,2800.71,2800.71,2844.52
2019-03-25,3376580000,2809.79,2785.02,2798.36,2798.36,2796.01
2019-03-26,3266050000,2829.87,2803.99,2818.46,2818.46,2812.66
2019-03-27,3372930000,2825.56,2787.72,2805.37,2805.37,2819.72
2019-03-28,3158170000,2819.71,2798.77,2815.44,2815.44,2809.4
2019-03-29,3740700000,2836.03,2819.23,2834.4,2834.4,2828.27
2019-04-01,3500760000,2869.4,2848.63,2867.19,2867.19,2848.63
2019-04-02,3246900000,2872.9,2858.75,2867.24,2867.24,2868.24
2019-04-03,3550240000,2885.25,2865.17,2873.4,2873.4,2876.09
2019-04-04,3015180000,2881.28,2867.14,2879.39,2879.39,2873.99
2019-04-05,3146820000,2893.24,2882.99,2892.74,2892.74,2884.16
2019-04-08,3054030000,2895.95,2880.78,2895.77,2895.77,2888.46
2019-04-09,3007980000,2886.88,2873.33,2878.2,2878.2,2886.58
2019-04-10,3062380000,2889.71,2879.13,2888.21,2888.21,2881.37
2019-04-11,2938540000,2893.42,2881.99,2888.32,2888.32,2891.92
2019-04-12,3688490000,2910.54,2898.37,2907.41,2907.41,2900.86
2019-04-15,3088330000,2909.6,2896.48,2905.58,2905.58,2908.32
2019-04-16,3402210000,2916.06,2900.71,2907.06,2907.06,2912.26
2019-04-17,3602300000,2918.0,2895.45,2900.45,2900.45,2916.04
2019-04-18,3506850000,2908.4,2891.9,2905.03,2905.03,2904.81
2019-04-22,2997950000,2909.51,2896.35,2907.97,2907.97,2898.78
2019-04-23,3635030000,2936.31,2908.53,2933.68,2933.68,2909.99
2019-04-24,3448960000,2936.83,2926.05,2927.25,2927.25,2934.0
2019-04-25,3425280000,2933.1,2912.84,2926.17,2926.17,2928.99
2019-04-26,3248500000,2939.88,2917.56,2939.88,2939.88,2925.81
2019-04-29,3118780000,2949.52,2939.35,2943.03,2943.03,2940.58
2019-04-30,3919330000,2948.22,2924.11,2945.83,2945.83,2937.14
2019-05-01,3645850000,2954.13,2923.36,2923.73,2923.73,2952.33
2019-05-02,3778890000,2931.68,2900.5,2917.52,2917.52,2922.16
2019-05-03,3338120000,2947.85,2929.21,2945.64,2945.64,2929.21
2019-05-06,3181520000,2937.32,2898.21,2932.47,2932.47,2908.89
2019-05-07,3767100000,2913.03,2862.6,2884.05,2884.05,2913.03
2019-05-08,3485790000,2897.96,2873.28,2879.42,2879.42,2879.61
2019-05-09,3638820000,2875.97,2836.4,2870.72,2870.72,2859.84
2019-05-10,3529600000,2891.31,2825.39,2881.4,2881.4,2863.1
2019-05-13,3894030000,2840.19,2801.43,2811.87,2811.87,2840.19
2019-05-14,3322720000,2852.54,2820.12,2834.41,2834.41,2820.12
2019-05-15,3125950000,2858.68,2815.08,2850.96,2850.96,2820.38
2019-05-16,3338060000,2892.15,2855.8,2876.32,2876.32,2855.8
2019-05-17,3257950000,2885.48,2854.23,2859.53,2859.53,2858.6
2019-05-20,3288870000,2853.86,2831.29,2840.23,2840.23,2841.94
2019-05-21,3218700000,2868.88,2854.02,2864.36,2864.36,2854.02
2019-05-22,3192510000,2865.47,2851.11,2856.27,2856.27,2856.06
2019-05-23,3891980000,2836.7,2805.49,2822.24,2822.24,2836.7
2019-05-24,2887390000,2841.36,2820.19,2826.06,2826.06,2832.41
2019-05-28,4121410000,2840.51,2801.58,2802.39,2802.39,2830.03
2019-05-29,3700050000,2792.03,2766.06,2783.02,2783.02,2790.25
2019-05-30,3273790000,2799.0,2776.74,2788.86,2788.86,2786.94
2019-05-31,3981020000,2768.98,2750.52,2752.06,2752.06,2766.15
2019-06-03,3966700000,2763.07,2728.81,2744.45,2744.45,2751.53
2019-06-04,3810430000,2804.49,2762.64,2803.27,2803.27,2762.64
2019-06-05,3548830000,2827.28,2800.92,2826.15,2826.15,2818.09
2019-06-06,3396410000,2852.1,2822.45,2843.49,2843.49,2828.51
2019-06-07,3220250000,2884.97,2852.87,2873.34,2873.34,2852.87
2019-06-10,3209210000,2904.77,2885.51,2886.73,2886.73,2885.83
2019-06-11,3548420000,2910.61,2878.53,2885.72,2885.72,2903.27
2019-06-12,3034130000,2888.57,2874.68,2879.84,2879.84,2882.73
2019-06-13,3069810000,2895.24,2881.99,2891.64,2891.64,2886.24
2019-06-14,2922330000,2894.45,2879.62,2886.98,2886.98,2886.82
2019-06-17,2810140000,2897.27,2887.3,2889.67,2889.67,2889.75
2019-06-18,3437620000,2930.79,2905.44,2917.75,2917.75,2906.71
2019-06-19,3287890000,2931.74,2911.43,2926.46,2926.46,2920.55
2019-06-20,3905940000,2958.06,2931.5,2954.18,2954.18,2949.6
2019-06-21,5000120000,2964.15,2946.87,2950.46,2950.46,2952.71
2019-06-24,3136250000,2954.92,2944.05,2945.35,2945.35,2951.42
2019-06-25,3578050000,2946.52,2916.01,2917.38,2917.38,2945.78
2019-06-26,3478130000,2932.59,2912.99,2913.78,2913.78,2926.07
2019-06-27,3122920000,2929.3,2918.57,2924.92,2924.92,2919.66
2019-06-28,5420700000,2943.98,2929.05,2941.76,2941.76,2932.94
2019-07-01,3513270000,2977.93,2952.22,2964.33,2964.33,2971.41
2019-07-02,3206840000,2973.21,2955.92,2973.01,2973.01,2964.66
2019-07-03,1963720000,2995.84,2977.96,2995.82,2995.82,2978.08
2019-07-05,2434210000,2994.03,2967.97,2990.41,2990.41,2984.25
2019-07-08,2904550000,2980.76,2970.09,2975.95,2975.95,2979.77
2019-07-09,3028210000,2981.9,2963.44,2979.63,2979.63,2965.52
2019-07-10,3154240000,3002.98,2984.62,2993.07,2993.07,2989.3
2019-07-11,3154620000,3002.33,2988.8,2999.91,2999.91,2999.62
2019-07-12,2974960000,3013.92,3001.87,3013.77,3013.77,3003.36
2019-07-15,2874970000,3017.8,3008.77,3014.3,3014.3,3017.8
2019-07-16,3290650000,3015.02,3001.15,3004.04,3004.04,3012.13
2019-07-17,3181600000,3005.26,2984.25,2984.42,2984.42,3005.1
2019-07-18,3296580000,2998.28,2973.09,2995.11,2995.11,2978.87
2019-07-19,3260360000,3006.02,2975.86,2976.61,2976.61,3004.26
2019-07-22,3003720000,2990.71,2976.65,2985.03,2985.03,2981.93
2019-07-23,3313660000,3005.9,2988.56,3005.47,3005.47,2994.74
2019-07-24,3428980000,3019.59,2996.82,3019.56,3019.56,2998.77
2019-07-25,3645270000,3016.31,2997.24,3003.67,3003.67,3016.26
2019-07-26,3257590000,3027.98,3012.59,3025.86,3025.86,3013.25
2019-07-29,3203710000,3025.61,3014.3,3020.97,3020.97,3024.47
2019-07-30,3634330000,3017.19,3000.94,3013.18,3013.18,3007.66
2019-07-31,4623430000,3017.4,2958.08,2980.38,2980.38,3016.22
2019-08-01,4762300000,3013.59,2945.23,2953.56,2953.56,2980.32
2019-08-02,3874660000,2945.5,2914.11,2932.05,2932.05,2943.9
2019-08-05,4513730000,2898.07,2822.12,2844.74,2844.74,2898.07
2019-08-06,4154240000,2884.4,2847.42,2881.77,2881.77,2861.18
2019-08-07,4491750000,2892.17,2825.71,2883.98,2883.98,2858.65
2019-08-08,4106370000,2938.72,2894.47,2938.09,2938.09,2896.21
2019-08-09,3350640000,2935.75,2900.15,2918.65,2918.65,2930.51
2019-08-12,2851630000,2907.58,2873.14,2882.7,2882.7,2907.07
2019-08-13,3853600000,2943.31,2877.05,2926.32,2926.32,2880.72
2019-08-14,4312530000,2894.15,2839.64,2840.6,2840.6,2894.15
2019-08-15,4038000000,2856.67,2825.51,2847.6,2847.6,2846.2
2019-08-16,3498150000,2893.63,2864.74,2888.68,2888.68,2864.74
2019-08-19,3212880000,2931.0,2913.48,2923.65,2923.65,2913.48
2019-08-20,3066300000,2923.63,2899.6,2900.51,2900.51,2919.01
2019-08-21,3011190000,2928.73,2917.91,2924.43,2924.43,2922.04
2019-08-22,2890880000,2939.08,2904.51,2922.95,2922.95,2930.94
2019-08-23,3937300000,2927.01,2834.97,2847.11,2847.11,2911.07
2019-08-26,2857600000,2879.27,2856.0,2878.38,2878.38,2866.7
2019-08-27,3533630000,2898.79,2860.59,2869.16,2869.16,2893.14
2019-08-28,3097420000,2890.03,2853.05,2887.94,2887.94,2861.28
2019-08-29,3176190000,2930.5,2905.67,2924.58,2924.58,2910.37
2019-08-30,3008450000,2940.43,2913.32,2926.46,2926.46,2937.09
2019-09-03,3426790000,2914.39,2891.85,2906.27,2906.27,2909.01
2019-09-04,3163260000,2938.84,2921.86,2937.78,2937.78,2924.67
2019-09-05,1985626103,2985.86,2960.6,2976.0,2976.0,2960.6
2019-09-06,3208280000,2985.03,2972.51,2978.71,2978.71,2980.33
2019-09-09,4002890000,2989.43,2969.39,2978.43,2978.43,2988.43
2019-09-10,4390770000,2979.39,2957.01,2979.39,2979.39,2971.01
2019-09-11,3927550000,3000.93,2975.31,3000.93,3000.93,2981.41
2019-09-12,3791860000,3020.74,3000.92,3009.57,3009.57,3009.08
2019-09-13,3520060000,3017.33,3002.9,3007.39,3007.39,3012.21
2019-09-16,4274640000,3002.19,2990.67,2997.96,2997.96,2996.41
2019-09-17,3671840000,3006.21,2993.73,3005.7,3005.7,2995.67
2019-09-18,3435540000,3007.83,2978.57,3006.73,3006.73,3001.5
2019-09-19,3251290000,3021.99,3003.16,3006.79,3006.79,3010.36
2019-09-20,6094740000,3016.37,2984.68,2992.07,2992.07,3008.42
2019-09-23,3186590000,2999.15,2982.23,2991.78,2991.78,2983.5
2019-09-24,3868160000,3007.98,2957.73,2966.6,2966.6,3002.43
2019-09-25,3318870000,2989.82,2952.86,2984.87,2984.87,2968.35
2019-09-26,3077240000,2987.28,2963.71,2977.62,2977.62,2985.73
2019-09-27,3243650000,2987.31,2945.53,2961.79,2961.79,2985.47
2019-09-30,3247610000,2983.85,2967.07,2976.74,2976.74,2967.07
2019-10-01,3558040000,2992.53,2938.7,2940.25,2940.25,2983.69
2019-10-02,3912520000,2924.78,2874.93,2887.61,2887.61,2924.78
2019-10-03,3503640000,2911.13,2855.94,2910.63,2910.63,2885.38
2019-10-04,2990830000,2953.74,2918.56,2952.01,2952.01,2918.56
2019-10-07,2940140000,2959.75,2935.68,2938.79,2938.79,2944.23
2019-10-08,3356450000,2925.47,2892.66,2893.06,2893.06,2920.4
2019-10-09,2726820000,2929.32,2907.41,2919.4,2919.4,2911.1
2019-10-10,3217250000,2948.46,2917.12,2938.13,2938.13,2918.55
2019-10-11,3580460000,2993.28,2963.07,2970.27,2970.27,2963.07
2019-10-14,2557020000,2972.84,2962.94,2966.15,2966.15,2965.81
2019-10-15,3340740000,3003.28,2973.61,2995.68,2995.68,2973.61
2019-10-16,3222570000,2997.54,2985.2,2989.69,2989.69,2989.68
2019-10-17,3115960000,3008.29,2991.79,2997.95,2997.95,3000.77
2019-10-18,3264290000,3000.0,2976.31,2986.2,2986.2,2996.84
2019-10-21,3271620000,3007.33,2995.35,3006.72,3006.72,2996.48
2019-10-22,3523890000,3014.57,2995.04,2995.99,2995.99,3010.73
2019-10-23,3392870000,3004.78,2991.21,3004.52,3004.52,2994.01
2019-10-24,3692600000,3016.07,3000.42,3010.29,3010.29,3014.78
2019-10-25,3370370000,3027.39,3001.94,3022.55,3022.55,3003.32
2019-10-28,3521230000,3044.08,3032.12,3039.42,3039.42,3032.12
2019-10-29,3589930000,3047.87,3034.81,3036.89,3036.89,3035.39
2019-10-30,3776030000,3050.1,3025.96,3046.77,3046.77,3039.74
2019-10-31,4139280000,3046.9,3023.19,3037.56,3037.56,3046.9
2019-11-01,3930200000,3066.95,3050.72,3066.91,3066.91,3050.72
2019-11-04,4146850000,3085.2,3074.87,3078.27,3078.27,3078.96
2019-11-05,4486130000,3083.95,3072.15,3074.62,3074.62,3080.8
2019-11-06,4458190000,3078.34,3065.89,3076.78,3076.78,3075.1
2019-11-07,4144640000,3097.77,3080.23,3085.18,3085.18,3087.02
2019-11-08,3499150000,3093.09,3073.58,3093.08,3093.08,3081.25
2019-11-11,3035530000,3088.33,3075.82,3087.01,3087.01,3080.33
2019-11-12,3466010000,3102.61,3084.73,3091.84,3091.84,3089.28
2019-11-13,3509280000,3098.06,3078.8,3094.04,3094.04,3084.18
2019-11-14,3276070000,3098.2,3083.26,3096.63,3096.63,3090.75
2019-11-15,3335650000,3120.46,3104.6,3120.46,3120.46,3107.92
2019-11-18,3436690000,3124.17,3112.06,3122.03,3122.03,3117.91
2019-11-19,3590070000,3127.64,3113.47,3120.18,3120.18,3127.45
2019-11-20,2347345205,3118.97,3091.41,3108.46,3108.46,3114.66
2019-11-21,1862138394,3110.11,3094.55,3103.54,3103.54,3108.49
2019-11-22,1598304145,3112.87,3099.26,3110.29,3110.29,3111.41
2019-11-25,1904704053,3133.83,3117.44,3133.64,3133.64,3117.44
2019-11-26,2454169908,3142.69,3131.0,3140.52,3140.52,3134.85
2019-11-27,1493045171,3154.26,3143.41,3153.63,3153.63,3145.49
2019-11-29,836642225,3150.3,3139.34,3140.98,3140.98,3147.18
2019-12-02,1742453940,3144.31,3110.78,3113.87,3113.87,3143.85
2019-12-03,1991484979,3094.97,3070.33,3093.2,3093.2,3087.41
2019-12-04,1770489070,3119.38,3102.53,3112.76,3112.76,3103.5
2019-12-05,1582614614,3119.45,3103.76,3117.43,3117.43,3119.21
2019-12-06,1688196494,3150.6,3134.62,3145.91,3145.91,3134.62
2019-12-09,1572519451,3148.87,3135.46,3135.96,3135.96,3141.86
2019-12-10,1641661702,3142.12,3126.09,3132.52,3132.52,3135.36
2019-12-11,1663261842,3143.98,3133.21,3141.63,3141.63,3135.75
2019-12-12,2217305086,3176.28,3138.47,3168.57,3168.57,3141.23
2019-12-13,1934682971,3182.68,3156.51,3168.8,3168.8,3166.65
2019-12-16,2114772905,3197.71,3183.63,3191.45,3191.45,3183.63
2019-12-17,1971590974,3198.22,3191.03,3192.52,3192.52,3195.4
2019-12-18,2109637089,3198.48,3191.14,3191.14,3191.14,3195.21
2019-12-19,1923928144,3205.48,3192.32,3205.37,3205.37,3192.32
2019-12-20,3697537000,3225.65,3216.03,3221.22,3221.22,3223.33
2019-12-23,1526843199,3227.78,3222.3,3224.01,3224.01,3226.05
2019-12-24,604560645,3226.43,3220.51,3223.38,3223.38,3225.45
2019-12-26,1047945052,3240.08,3227.2,3239.91,3239.91,3227.2
2019-12-27,1101102056,3247.93,3234.37,3240.02,3240.02,3247.23
2019-12-30,1181640579,3240.92,3216.57,3221.29,3221.29,3240.09
2019-12-31,1285724433,3231.72,3212.03,3230.78,3230.78,3215.18
2020-01-02,1813749343,3258.14,3235.53,3257.85,3257.85,3244.67
2020-01-03,1733947876,3246.15,3222.34,3234.85,3234.85,3226.36
2020-01-06,1833999145,3246.84,3214.64,3246.28,3246.28,3217.55
2020-01-07,1849578843,3244.91,3232.43,3237.18,3237.18,3241.86
2020-01-08,1921189956,3267.07,3236.67,3253.05,3253.05,3238.59
2020-01-09,1806379088,3275.58,3263.67,3274.7,3274.7,3266.03
2020-01-10,1623629246,3282.99,3260.86,3265.35,3265.35,3281.81
2020-01-13,1730551341,3288.13,3268.43,3288.13,3288.13,3271.13
2020-01-14,1924882221,3294.25,3277.19,3283.15,3283.15,3285.35
2020-01-15,1781972412,3298.66,3280.69,3289.29,3289.29,3282.27
2020-01-16,1780804696,3317.11,3302.82,3316.81,3316.81,3302.97
2020-01-17,2097343426,3329.88,3318.86,3329.62,3329.62,3323.66
2020-01-21,2190847523,3329.79,3316.61,3320.79,3320.79,3321.03
2020-01-22,1852031183,3337.77,3320.04,3321.75,3321.75,3330.02
2020-01-23,2034159847,3326.88,3301.87,3325.54,3325.54,3315.77
2020-01-24,2098084732,3333.18,3281.53,3295.47,3295.47,3333.1
2020-01-27,2136117899,3258.85,3234.5,3243.63,3243.63,3247.16
2020-01-28,1927261468,3285.78,3253.22,3276.24,3276.24,3255.35
2020-01-29,2084087513,3293.47,3271.89,3273.4,3273.4,3289.46
2020-01-30,2253788999,3285.91,3242.8,3283.66,3283.66,3256.45
2020-01-31,2678835839,3282.33,3214.68,3225.52,3225.52,3282.33
2020-02-03,2080767120,3268.44,3235.66,3248.92,3248.92,3235.66
2020-02-04,2140871720,3306.92,3280.61,3297.59,3297.59,3280.61
2020-02-05,2252878600,3337.58,3313.75,3334.69,3334.69,3324.91
2020-02-06,1953737177,3347.96,3334.39,3345.78,3345.78,3344.92
2020-02-07,1846439738,3341.42,3322.12,3327.71,3327.71,3335.54
2020-02-10,1699054266,3352.26,3317.77,3352.09,3352.09,3318.28
2020-02-11,1863190856,3375.63,3352.72,3357.75,3357.75,3365.87
2020-02-12,1988016252,3381.47,3369.72,3379.45,3379.45,3370.5
2020-02-13,1886207698,3385.09,3360.52,3373.94,3373.94,3365.9
2020-02-14,1648157072,3380.69,3366.15,3380.16,3380.16,3378.08
2020-02-18,1865392416,3375.01,3355.61,3370.29,3370.29,3369.04
2020-02-19,1711946279,3393.52,3378.83,3386.15,3386.15,3380.39
2020-02-20,2016548341,3389.15,3341.02,3373.23,3373.23,3380.45
2020-02-21,2104700857,3360.76,3328.45,3337.75,3337.75,3360.5
2020-02-24,2717348399,3259.81,3214.65,3225.89,3225.89,3257.61
2020-02-25,3132889940,3246.99,3118.77,3128.21,3128.21,3238.94
2020-02-26,2968588783,3182.51,3108.99,3116.39,3116.39,3139.9
2020-02-27,3907715268,3097.07,2977.39,2978.76,2978.76,3062.54
2020-02-28,810394856,2959.72,2855.84,2954.22,2954.22,2916.9
2020-03-02,3790004908,3090.96,2945.19,3090.23,3090.23,2974.28
2020-03-03,3871212179,3136.72,2976.63,3003.37,3003.37,3096.46
2020-03-04,3035495588,3130.97,3034.38,3130.12,3130.12,3045.75
2020-03-05,3220527880,3083.04,2999.83,3023.94,3023.94,3075.7
2020-03-06,3900143283,2985.93,2901.54,2972.37,2972.37,2954.2
2020-03-09,411096782,2863.89,2734.43,2746.56,2746.56,2863.89
2020-03-10,51045026,2882.59,2734.0,2882.23,2882.23,2813.48
2020-03-11,4241642899,2825.6,2732.28,2741.38,2741.38,2825.6
2020-03-12,923666485,2660.95,2478.86,2480.64,2480.64,2630.86
2020-03-13,600445640,2711.33,2492.37,2711.02,2711.02,2569.99
2020-03-16,356016088,2562.98,2380.94,2386.13,2386.13,2508.59
2020-03-17,531383889,2553.93,2367.04,2529.19,2529.19,2425.66
2020-03-18,901816472,2453.57,2280.52,2398.1,2398.1,2436.5
2020-03-19,262777088,2466.97,2319.78,2409.39,2409.39,2393.48
2020-03-20,969130335,2453.01,2295.56,2304.92,2304.92,2431.94
2020-03-23,322111135,2300.73,2191.86,2237.4,2237.4,2290.71
2020-03-24,423902811,2449.71,2344.44,2447.33,2447.33,2344.44
2020-03-25,586234103,2571.42,2407.53,2475.56,2475.56,2457.77
2020-03-26,45919738,2637.01,2500.72,2630.07,2630.07,2501.29
2020-03-27,3590712059,2615.91,2520.02,2541.47,2541.47,2555.87
2020-03-30,3370871942,2631.8,2545.28,2626.65,2626.65,2558.98
2020-03-31,3991878975,2641.39,2571.15,2584.59,2584.59,2614.69
2020-04-01,3666502398,2522.75,2447.49,2470.5,2470.5,2498.08
2020-04-02,3870184448,2533.22,2455.79,2526.9,2526.9,2458.54
2020-04-03,3593003494,2538.18,2459.96,2488.65,2488.65,2514.92
2020-04-06,4022970312,2676.85,2574.57,2663.68,2663.68,2578.28
2020-04-07,4218972836,2756.89,2657.67,2659.41,2659.41,2738.65
2020-04-08,3343867617,2760.75,2663.3,2749.98,2749.98,2685.0
2020-04-09,64335301,2818.57,2762.36,2789.82,2789.82,2776.99
2020-04-13,2900380791,2782.46,2721.17,2761.63,2761.63,2782.46
2020-04-14,3113388741,2851.85,2805.1,2846.06,2846.06,2805.1
2020-04-15,3123468178,2801.88,2761.54,2783.36,2783.36,2795.64
2020-04-16,3185793737,2806.51,2764.32,2799.55,2799.55,2799.34
2020-04-17,3554592893,2879.22,2830.88,2874.56,2874.56,2842.43
2020-04-20,2935031893,2868.98,2820.43,2823.16,2823.16,2845.62
2020-04-21,3096009723,2785.54,2727.1,2736.56,2736.56,2784.81
2020-04-22,2779868449,2815.1,2775.95,2799.31,2799.31,2787.89
2020-04-23,2919383742,2844.9,2794.26,2797.8,2797.8,2810.42
2020-04-24,2882793416,2842.71,2791.76,2836.74,2836.74,2812.64
2020-04-27,2795944244,2887.72,2852.89,2878.48,2878.48,2854.65
2020-04-28,3237748798,2921.15,2860.71,2863.39,2863.39,2909.96
2020-04-29,3862944848,2954.86,2912.16,2939.51,2939.51,2918.46
2020-04-30,3721235517,2930.91,2892.47,2912.43,2912.43,2930.91
2020-05-01,2914265069,2869.09,2821.9,2830.71,2830.71,2869.09
2020-05-04,2877617866,2844.24,2797.85,2842.74,2842.74,2815.01
2020-05-05,2974283010,2898.23,2863.55,2868.44,2868.44,2868.88
2020-05-06,2855444097,2891.11,2847.65,2848.42,2848.42,2883.14
2020-05-07,2831489254,2901.92,2876.48,2881.19,2881.19,2878.26
2020-05-08,2617877855,2932.16,2902.88,2929.8,2929.8,2908.83
2020-05-11,2609806690,2944.25,2903.44,2930.32,2930.32,2915.46
2020-05-12,2668655086,2945.82,2869.59,2870.12,2870.12,2939.5
2020-05-13,3551451164,2874.14,2793.15,2820.0,2820.0,2865.86
2020-05-14,3348510295,2852.8,2766.64,2852.5,2852.5,2794.54
2020-05-15,3306748591,2865.01,2816.78,2863.7,2863.7,2829.95
2020-05-18,3642081510,2968.09,2913.86,2953.91,2953.91,2913.86
2020-05-19,2858250798,2964.21,2922.35,2922.94,2922.94,2948.59
2020-05-20,2849677238,2980.29,2953.63,2971.61,2971.61,2953.63
2020-05-21,2780244068,2978.5,2938.57,2948.51,2948.51,2969.95
2020-05-22,2185305113,2956.76,2933.59,2955.45,2955.45,2948.05
2020-05-26,3355998857,3021.72,2988.17,2991.77,2991.77,3004.08
2020-05-27,3661742868,3036.25,2969.75,3036.13,3036.13,3015.65
2020-05-28,3140297035,3068.67,3023.41,3029.73,3029.73,3046.61
2020-05-29,86861591,3049.14,2998.61,3044.31,3044.31,3025.17
2020-06-01,2501351434,3062.18,3031.54,3055.73,3055.73,3038.78
2020-06-02,2807173294,3081.07,3051.64,3080.82,3080.82,3064.78
2020-06-03,3160241158,3130.94,3098.9,3122.87,3122.87,3098.9
2020-06-04,3738795746,3128.91,3090.41,3112.35,3112.35,3111.56
2020-06-05,500491405,3211.72,3163.84,3193.93,3193.93,3163.84
2020-06-08,3698462911,3233.13,3196.0,3232.39,3232.39,3199.92
2020-06-09,3156921516,3222.71,3193.11,3207.18,3207.18,3213.32
2020-06-10,3568860875,3223.27,3181.49,3190.14,3190.14,3213.42
2020-06-11,4123277874,3123.53,2999.49,3002.1,3002.1,3123.53
2020-06-12,3385763024,3088.42,2984.47,3041.31,3041.31,3071.04
2020-06-15,3208913333,3079.76,2965.66,3066.59,3066.59,2993.76
2020-06-16,3286788794,3153.45,3076.06,3124.74,3124.74,3131.0
2020-06-17,2483191141,3141.16,3108.03,3113.49,3113.49,3136.13
2020-06-18,2399667782,3120.0,3093.51,3115.34,3115.34,3101.64
2020-06-19,697809668,3155.53,3083.11,3097.74,3097.74,3140.29
2020-06-22,2559744788,3120.92,3079.39,3117.86,3117.86,3094.42
2020-06-23,2719245393,3154.9,3127.12,3131.29,3131.29,3138.7
2020-06-24,3203219699,3115.01,3032.13,3050.33,3050.33,3114.4
2020-06-25,2707762288,3086.25,3024.01,3083.76,3083.76,3046.6
2020-06-26,90290800,3073.73,3004.63,3009.05,3009.05,3073.2
2020-06-29,2633408640,3053.89,2999.74,3053.24,3053.24,3018.59
2020-06-30,2757387711,3111.51,3047.83,3100.29,3100.29,3050.2
2020-07-01,2697727407,3128.44,3101.17,3115.86,3115.86,3105.92
2020-07-02,2326767585,3165.81,3124.52,3130.01,3130.01,3143.64
2020-07-06,2380431984,3182.59,3155.29,3179.72,3179.72,3155.29
2020-07-07,2287837089,3184.15,3142.93,3145.32,3145.32,3166.44
2020-07-08,2390189825,3171.8,3136.53,3169.94,3169.94,3153.07
2020-07-09,2597178292,3179.78,3115.7,3152.05,3152.05,3176.17
2020-07-10,2407407212,3186.82,3136.22,3185.04,3185.04,3152.47
2020-07-13,2695331634,3235.32,3149.43,3155.22,3155.22,3205.08
2020-07-14,2628539056,3200.95,3127.66,3197.52,3197.52,3141.11
2020-07-15,2841976156,3238.28,3200.76,3226.56,3226.56,3225.98
2020-07-16,1718211640,3217.51,3198.59,3215.57,3217.5,3208.36
2020-07-17,2219971191,3233.52,3205.65,3224.73,3224.73,3224.21
2020-07-20,2171757450,3258.61,3215.16,3251.84,3251.84,3224.29
2020-07-21,2472394555,3277.29,3247.77,3257.3,3257.3,3268.52
2020-07-22,2412594515,3279.32,3253.1,3276.02,3276.02,3254.86
2020-07-23,2737810512,3279.99,3222.66,3235.66,3235.66,3271.64
2020-07-24,2460013758,3227.26,3200.05,3215.63,3215.63,3218.58
2020-07-27,2355910999,3241.43,3214.25,3239.41,3239.41,3219.84
2020-07-28,2235534686,3243.72,3216.17,3218.44,3218.44,3234.27
2020-07-29,2467083167,3264.74,3227.22,3258.44,3258.44,3227.22
2020-07-30,2425538883,3250.92,3204.13,3246.22,3246.22,3231.76
2020-07-31,3065634931,3272.17,3220.26,3271.12,3271.12,3270.45
2020-08-03,2378355795,3302.73,3284.53,3294.61,3294.61,3288.26
2020-08-04,2404966031,3306.84,3286.37,3306.51,3306.51,3289.92
2020-08-05,2446007003,3330.77,3317.37,3327.77,3327.77,3317.37
2020-08-06,2414278723,3351.03,3318.14,3349.16,3349.16,3323.17
2020-08-07,2282910037,3352.54,3328.72,3351.28,3351.28,3340.05
2020-08-10,2566548632,3363.29,3335.44,3360.47,3360.47,3356.04
2020-08-11,2900493747,3381.01,3326.44,3333.69,3333.69,3370.34
2020-08-12,2245003448,3387.89,3355.46,3380.35,3380.35,3355.46
2020-08-13,1964512010,3387.24,3363.35,3373.43,3373.43,3372.95
2020-08-14,1711020614,3378.51,3361.64,3372.85,3372.85,3368.66
2020-08-17,1951691959,3387.59,3379.22,3381.99,3381.99,3380.86
2020-08-18,1794617543,3395.06,3370.15,3389.78,3389.78,3387.04
2020-08-19,2018139580,3399.54,3369.66,3374.85,3374.85,3392.51
2020-08-20,1832094273,3390.8,3354.69,3385.51,3385.51,3360.48
2020-08-21,1994452682,3399.96,3379.31,3397.16,3397.16,3386.01
2020-08-24,2271749784,3432.09,3413.13,3431.28,3431.28,3418.09
2020-08-25,2040869584,3444.21,3425.84,3443.62,3443.62,3435.95
2020-08-26,2003087362,3481.07,3444.15,3478.73,3478.73,3449.97
2020-08-27,2317902466,3501.38,3468.35,3484.55,3484.55,3485.14
2020-08-28,3855880000,3509.23,3484.32,3508.01,3508.01,3494.69
2020-08-31,2543021541,3514.77,3493.25,3500.31,3500.31,3509.73
2020-09-01,2245334277,3528.03,3494.6,3526.65,3526.65,3507.44
2020-09-02,2581524590,3588.11,3535.23,3580.84,3580.84,3543.76
2020-09-03,3193601820,3564.85,3427.41,3455.06,3455.06,3564.74
2020-09-04,3044871716,3479.15,3349.63,3426.96,3426.96,3453.6
2020-09-08,3066119495,3379.97,3329.27,3331.84,3331.84,3371.88
2020-09-09,2508541279,3424.77,3366.84,3398.96,3398.96,3369.82
2020-09-10,2574758180,3425.55,3329.25,3339.19,3339.19,3412.56
2020-09-11,2352258971,3368.95,3310.47,3340.97,3340.97,3352.7
2020-09-14,2363165480,3402.93,3363.56,3383.54,3383.54,3363.56
2020-09-15,2482004565,3419.48,3389.25,3401.2,3401.2,3407.73
2020-09-16,2843660468,3428.92,3384.45,3385.49,3385.49,3411.23
2020-09-17,2740864793,3375.17,3328.82,3357.01,3357.01,3346.86
2020-09-18,4087680041,3362.27,3292.4,3319.47,3319.47,3357.38
2020-09-21,2973366814,3285.57,3229.1,3281.06,3281.06,3285.57
2020-09-22,2364817767,3320.31,3270.95,3315.57,3315.57,3295.75
2020-09-23,2462124190,3323.35,3232.57,3236.92,3236.92,3320.11
2020-09-24,2386884281,3278.7,3209.45,3246.59,3246.59,3226.14
2020-09-25,2180313684,3306.88,3228.44,3298.46,3298.46,3236.66
2020-09-28,2221021352,3360.74,3332.91,3351.6,3351.6,3333.9
2020-09-29,1945022669,3357.92,3327.54,3335.47,3335.47,3350.92
2020-09-30,2616747156,3393.56,3340.47,3363.0,3363.0,3341.21
2020-10-01,2355862321,3397.18,3361.39,3380.8,3380.8,3385.87
2020-10-02,2350090813,3369.1,3323.69,3348.44,3348.44,3338.94
2020-10-05,2040147536,3409.57,3367.27,3408.63,3408.63,3367.27
2020-10-06,2549972990,3431.56,3354.54,3360.95,3360.95,3408.74
2020-10-07,2074262423,3426.26,3384.56,3419.45,3419.45,3384.56
2020-10-08,2088859740,3447.28,3428.15,3446.83,3446.83,3434.28
2020-10-09,2227950074,3482.34,3458.07,3477.13,3477.13,3459.67
2020-10-12,2243800302,3549.85,3499.61,3534.22,3534.22,3500.02
2020-10-13,2357875709,3534.01,3500.86,3511.93,3511.93,3534.01
2020-10-14,2183733760,3527.94,3480.55,3488.67,3488.67,3515.47
2020-10-15,2009665085,3489.08,3440.89,3483.34,3483.34,3453.72
2020-10-16,2221194565,3515.76,3480.45,3483.81,3483.81,3493.5
2020-10-19,2190496245,3502.42,3419.93,3426.92,3426.92,3493.66
2020-10-20,2113617250,3476.93,3435.65,3443.12,3443.12,3439.38
2020-10-21,2069874908,3464.86,3433.06,3435.56,3435.56,3439.91
2020-10-22,2386790971,3460.53,3415.34,3453.49,3453.49,3438.5
2020-10-23,2161970435,3466.46,3440.45,3465.39,3465.39,3464.9
2020-10-26,2434639909,3441.42,3364.86,3400.97,3400.97,3441.42
2020-10-27,2377161312,3409.51,3388.71,3390.68,3390.68,3403.15
2020-10-28,3147816269,3342.48,3268.89,3271.03,3271.03,3342.48
2020-10-29,2740394478,3341.05,3259.82,3310.11,3310.11,3277.17
2020-10-30,3007795216,3304.93,3233.94,3269.96,3269.96,3293.59
2020-11-02,2507933550,3330.14,3279.74,3310.24,3310.24,3296.2
2020-11-03,2304673886,3389.49,3336.25,3369.16,3369.16,3336.25
2020-11-04,2885729733,3389.49,3336.25,3443.44,3443.44,3406.46
2020-11-05,2551321421,3529.05,3485.74,3510.45,3510.45,3485.74
2020-11-06,2157624999,3521.58,3484.34,3509.44,3509.44,3508.34
2020-11-09,728849391,3645.99,3547.48,3550.5,3550.5,3583.04
2020-11-10,3448216386,3557.22,3511.91,3545.53,3545.53,3543.26
2020-11-11,2507688888,3581.16,3557.0,3572.66,3572.66,3563.22
2020-11-12,2389134673,3569.02,3518.58,3537.01,3537.01,3562.67
2020-11-13,2273000532,3593.66,3552.57,3585.15,3585.15,3552.57
2020-11-16,2845711348,3628.51,3600.16,3626.91,3626.91,3600.16
2020-11-17,2385397526,3623.11,3588.68,3609.53,3609.53,3610.31
2020-11-18,2672382192,3619.09,3567.33,3567.79,3567.79,3612.09
2020-11-19,2266408901,3585.22,3543.84,3581.87,3581.87,3559.41
2020-11-20,2224931806,3581.23,3556.85,3557.54,3557.54,3579.31
2020-11-23,2498390786,3589.81,3552.77,3577.59,3577.59,3566.82
2020-11-24,3157259520,3642.31,3594.52,3635.41,3635.41,3594.52
2020-11-25,2312733617,3635.5,3617.76,3629.65,3629.65,3635.5
2020-11-27,1222837647,3644.31,3629.33,3638.35,3638.35,3638.55
2020-11-30,3597012832,3634.18,3594.39,3621.63,3621.63,3634.18
2020-12-01,2586912631,3678.45,3645.87,3662.45,3662.45,3645.87
2020-12-02,2355582608,3670.96,3644.84,3669.01,3669.01,3653.78
2020-12-03,2616729365,3682.73,3657.17,3666.72,3666.72,3668.28
2020-12-04,2556167753,3699.2,3670.94,3699.12,3699.12,3670.94
2020-12-07,2320415964,3697.41,3678.88,3691.96,3691.96,3694.73
2020-12-08,2247762425,3708.45,3678.83,3702.25,3702.25,3683.05
2020-12-09,2726403479,3712.39,3660.54,3672.82,3672.82,3705.98
2020-12-10,2380891125,3678.49,3645.18,3668.1,3668.1,3659.13
2020-12-11,2292104467,3665.91,3633.4,3663.46,3663.46,3656.08
2020-12-14,2508893728,3697.61,3645.84,3647.49,3647.49,3675.27
2020-12-15,2505148998,3695.29,3659.62,3694.62,3694.62,3666.41
2020-12-16,2218203483,3711.27,3688.57,3701.17,3701.17,3696.25
2020-12-17,1632783836,3725.12,3710.87,3720.74,3720.74,3713.65
2020-12-18,4190993787,3726.7,3685.84,3709.41,3709.41,3722.39
2020-12-21,2588995964,3702.9,3636.48,3694.92,3694.92,3684.28
2020-12-22,2141875637,3698.26,3676.16,3687.26,3687.26,3698.08
2020-12-23,1815977273,3711.24,3689.28,3690.01,3690.01,3693.42
2020-12-24,814704870,3703.82,3689.32,3703.06,3703.06,3694.03
2020-12-28,1645836127,3740.51,3723.03,3735.36,3735.36,3723.03
2020-12-29,1632007703,3756.12,3723.31,3727.04,3727.04,3750.01
2020-12-30,1536528412,3744.63,3730.21,3732.04,3732.04,3736.19
2020-12-31,1639982531,3760.2,3726.88,3756.07,3756.07,3733.27
2021-01-04,2715401531,3769.99,3662.71,3700.65,3700.65,3764.61
2021-01-05,2352635300,3737.83,3695.07,3726.86,3726.86,3698.02
2021-01-06,3171958843,3783.04,3705.34,3748.14,3748.14,3712.2
2021-01-07,2561622599,3811.55,3764.71,3803.79,3803.79,3764.71
2021-01-08,2358951535,3826.69,3783.6,3824.68,3824.68,3815.05
